timestamp,x,y,z,label
0.0377,82,53,-232,jump
0.0943,81,55,-232,jump
0.1511,84,54,-233,jump
0.2078,83,52,-231,jump
0.2643,84,52,-230,jump
0.3211,88,54,-243,jump
0.3778,88,85,-251,jump
0.4365,117,-21,-244,jump
0.4951,106,-42,-220,jump
0.5535,61,-130,-185,jump
0.6118,73,-152,-146,jump
0.6703,83,-161,-143,jump
0.7285,90,-190,-171,jump
0.787,65,-190,-142,jump
0.8452,67,-184,-149,jump
0.9036,79,-181,-156,jump
0.962,73,-203,-143,jump
1.0202,87,-170,-154,jump
1.0795,104,-167,-152,jump
1.1378,79,-186,-150,jump
1.1963,82,-185,-160,jump
1.2546,79,-181,-140,jump
1.313,97,-184,-161,jump
1.3713,95,-136,-146,jump
1.4298,146,-84,-215,jump
1.4882,108,-69,-180,jump
1.5465,156,-51,-231,jump
1.6049,135,-20,-201,jump
1.6634,127,-13,-207,jump
1.7207,134,36,-243,jump
1.7781,125,21,-220,jump
1.8357,128,47,-214,jump
1.893,118,61,-207,jump
1.9504,124,84,-226,jump
2.0069,95,94,-207,jump
2.0656,103,112,-221,jump
2.1229,92,111,-211,jump
2.1806,92,110,-203,jump
2.2381,89,114,-211,jump
2.2956,86,112,-211,jump
2.3532,87,119,-209,jump
2.4109,95,122,-214,jump
2.4683,86,121,-204,jump
2.5259,94,121,-203,jump
2.5834,91,119,-204,jump
2.641,96,120,-215,jump
2.6985,91,119,-209,jump
2.7561,93,120,-210,jump
2.8138,94,117,-207,jump
2.8713,97,119,-209,jump
2.929,90,115,-206,jump
2.9863,93,109,-205,jump
0.0644,92,48,-230,jump
0.1214,79,52,-232,jump
0.1784,85,49,-232,jump
0.2354,92,51,-232,jump
0.2924,89,51,-234,jump
0.3494,83,55,-233,jump
0.4073,111,44,-261,jump
0.4646,89,-1,-254,jump
0.5224,90,-27,-237,jump
0.5803,73,-74,-189,jump
0.6392,94,-137,-193,jump
0.6979,97,-112,-193,jump
0.7565,99,-140,-184,jump
0.8154,75,-162,-162,jump
0.8737,77,-164,-165,jump
0.932,70,-182,-155,jump
0.9903,72,-192,-155,jump
1.0485,68,-192,-133,jump
1.1068,69,-190,-140,jump
1.1652,63,-208,-121,jump
1.2236,63,-203,-126,jump
1.2819,64,-195,-125,jump
1.3402,78,-196,-144,jump
1.3986,71,-189,-136,jump
1.4569,83,-199,-152,jump
1.5152,78,-182,-151,jump
1.5737,95,-152,-156,jump
1.6318,84,-173,-143,jump
1.6902,129,-71,-175,jump
1.7497,128,-141,-205,jump
1.8079,135,-42,-248,jump
1.8665,107,-91,-201,jump
1.9246,128,-61,-219,jump
1.983,114,-66,-197,jump
2.0416,129,-60,-217,jump
2.0979,89,33,-219,jump
2.1565,125,-14,-244,jump
2.2127,88,21,-231,jump
2.2693,71,37,-240,jump
2.3258,92,60,-242,jump
2.3822,81,60,-245,jump
2.4387,83,62,-235,jump
2.4952,82,57,-226,jump
2.5518,74,61,-227,jump
2.6146,82,65,-235,jump
2.6647,82,63,-234,jump
2.7213,80,61,-226,jump
2.7777,77,65,-224,jump
2.8346,74,66,-227,jump
2.891,86,70,-240,jump
2.9477,78,67,-227,jump
3.0042,76,67,-227,jump
0.0729,90,79,-224,jump
0.1297,90,79,-223,jump
0.1863,91,79,-225,jump
0.243,88,79,-225,jump
0.2997,90,82,-229,jump
0.3565,92,76,-224,jump
0.4142,107,67,-257,jump
0.472,136,47,-265,jump
0.5307,142,-29,-264,jump
0.5882,78,-71,-128,jump
0.6456,49,-187,-80,jump
0.7038,82,-177,-129,jump
0.7622,96,-218,-136,jump
0.8195,56,-212,-93,jump
0.8777,76,-202,-114,jump
0.936,91,-202,-140,jump
0.9944,81,-205,-125,jump
1.0527,76,-199,-119,jump
1.111,75,-207,-118,jump
1.1693,77,-199,-124,jump
1.2277,86,-151,-105,jump
1.2871,113,-191,-168,jump
1.3454,116,-55,-215,jump
1.4048,142,-140,-205,jump
1.4632,160,-53,-231,jump
1.5216,126,-73,-186,jump
1.5801,135,-36,-218,jump
1.6376,117,-9,-193,jump
1.6961,135,-11,-243,jump
1.7537,108,21,-221,jump
1.811,104,32,-221,jump
1.8686,110,59,-242,jump
1.9251,91,68,-240,jump
1.9827,100,70,-236,jump
2.0392,70,70,-209,jump
2.0958,87,76,-226,jump
2.1523,89,83,-233,jump
2.209,85,85,-233,jump
2.2657,83,79,-215,jump
2.3221,85,80,-220,jump
2.3788,95,83,-237,jump
2.4352,88,76,-220,jump
2.4918,85,79,-213,jump
2.5484,88,81,-224,jump
2.6051,99,85,-235,jump
2.6616,89,78,-221,jump
2.7182,85,76,-211,jump
2.7748,99,84,-226,jump
2.8315,94,81,-234,jump
2.888,96,79,-222,jump
2.9447,93,77,-214,jump
3.0012,96,74,-226,jump
0.0347,101,77,-220,jump
0.0925,101,77,-222,jump
0.1493,98,76,-222,jump
0.2071,103,80,-222,jump
0.2649,117,70,-231,jump
0.3228,108,58,-252,jump
0.3805,113,33,-220,jump
0.4372,118,2,-224,jump
0.4959,117,-22,-231,jump
0.5548,131,-63,-214,jump
0.6135,124,-86,-203,jump
0.6734,106,-130,-174,jump
0.7329,119,-137,-160,jump
0.7923,133,-152,-157,jump
0.8519,115,-160,-151,jump
0.9112,104,-176,-147,jump
0.9694,96,-172,-136,jump
1.0279,95,-187,-135,jump
1.0871,117,-174,-152,jump
1.1465,105,-134,-135,jump
1.206,131,-170,-178,jump
1.2653,118,-125,-157,jump
1.3248,132,-145,-171,jump
1.384,131,-102,-161,jump
1.4435,126,-123,-150,jump
1.502,158,-72,-221,jump
1.5602,126,-48,-210,jump
1.6188,142,-50,-208,jump
1.6772,117,-17,-207,jump
1.7357,124,-12,-207,jump
1.7933,149,11,-270,jump
1.8509,100,28,-223,jump
1.9084,105,28,-223,jump
1.965,84,46,-210,jump
2.0214,94,53,-230,jump
2.0779,93,78,-231,jump
2.1345,86,85,-226,jump
2.191,84,95,-241,jump
2.2476,79,93,-221,jump
2.304,84,96,-218,jump
2.3608,87,96,-222,jump
2.4172,86,93,-221,jump
2.474,83,92,-222,jump
2.5305,86,92,-223,jump
2.5871,85,90,-221,jump
2.6437,87,91,-227,jump
2.7001,88,85,-223,jump
2.7567,87,84,-226,jump
2.8133,85,75,-221,jump
2.8699,88,75,-216,jump
2.9266,95,81,-227,jump
2.9831,94,72,-232,jump
0.0587,49,60,-240,jump
0.128,50,61,-241,jump
0.1725,46,62,-242,jump
0.2295,51,59,-241,jump
0.2864,51,59,-244,jump
0.3433,56,63,-260,jump
0.4002,64,33,-265,jump
0.4572,48,14,-245,jump
0.5152,73,-32,-229,jump
0.5732,75,-49,-208,jump
0.631,81,-75,-222,jump
0.6891,90,-80,-221,jump
0.7481,84,-124,-201,jump
0.807,83,-106,-195,jump
0.8656,74,-129,-196,jump
0.9245,70,-146,-190,jump
0.9832,67,-138,-189,jump
1.0419,73,-136,-188,jump
1.1006,80,-128,-199,jump
1.1594,84,-100,-197,jump
1.2182,85,-109,-205,jump
1.2761,91,-70,-223,jump
1.3347,103,-32,-217,jump
1.3935,124,-52,-245,jump
1.4513,103,-3,-230,jump
1.5102,106,-16,-235,jump
1.5682,102,12,-238,jump
1.6251,86,12,-221,jump
1.6827,110,23,-246,jump
1.7396,81,41,-222,jump
1.7964,88,42,-229,jump
1.8532,87,60,-230,jump
1.9099,79,62,-240,jump
1.9671,85,73,-241,jump
2.0236,79,69,-232,jump
2.0806,75,67,-227,jump
2.1374,78,69,-227,jump
2.1943,79,69,-231,jump
2.2511,73,75,-233,jump
2.3081,79,71,-234,jump
2.3649,78,69,-221,jump
2.4216,79,75,-232,jump
2.4785,75,71,-231,jump
2.5353,78,74,-230,jump
2.5921,78,73,-231,jump
2.6489,79,73,-226,jump
2.7059,80,74,-232,jump
2.7627,80,73,-228,jump
2.8196,76,72,-226,jump
2.8764,85,75,-232,jump
2.9332,82,73,-229,jump
2.9902,80,70,-228,jump
0.0786,87,76,-226,jump
0.1353,85,75,-228,jump
0.1922,86,74,-229,jump
0.2492,85,74,-225,jump
0.3063,88,75,-227,jump
0.3632,85,76,-228,jump
0.4201,85,75,-227,jump
0.477,84,75,-228,jump
0.5348,100,80,-257,jump
0.5928,103,61,-254,jump
0.6508,110,29,-264,jump
0.7087,81,-54,-182,jump
0.7676,72,-112,-137,jump
0.8277,116,-125,-177,jump
0.8876,122,-147,-196,jump
0.9475,102,-137,-171,jump
1.0074,100,-159,-149,jump
1.0661,91,-179,-163,jump
1.125,96,-160,-173,jump
1.1835,83,-165,-141,jump
1.2422,83,-182,-149,jump
1.3016,105,-163,-181,jump
1.3601,90,-172,-157,jump
1.4183,96,-160,-171,jump
1.4778,104,-142,-180,jump
1.5373,101,-159,-174,jump
1.5956,99,-151,-175,jump
1.6541,96,-151,-167,jump
1.7124,98,-130,-161,jump
1.772,124,-120,-191,jump
1.8303,140,-42,-250,jump
1.8888,114,-66,-194,jump
1.9474,129,-21,-227,jump
2.005,103,-1,-197,jump
2.0614,142,1,-262,jump
2.1191,111,14,-226,jump
2.1756,94,14,-215,jump
2.2322,77,32,-212,jump
2.2887,93,42,-240,jump
2.3453,96,58,-246,jump
2.4019,84,64,-236,jump
2.4584,84,64,-236,jump
2.5153,79,63,-231,jump
2.5717,75,62,-228,jump
2.6285,76,63,-234,jump
2.6852,80,60,-230,jump
2.7418,83,63,-232,jump
2.7985,78,64,-233,jump
2.8551,79,63,-236,jump
2.9118,75,64,-233,jump
2.9686,77,65,-230,jump
0.0508,81,73,-230,jump
0.1075,66,76,-235,jump
0.1646,69,76,-234,jump
0.2212,73,77,-225,jump
0.278,75,78,-225,jump
0.3348,72,74,-227,jump
0.3917,66,74,-233,jump
0.4486,76,75,-241,jump
0.5053,75,78,-239,jump
0.5619,89,53,-238,jump
0.6188,68,40,-230,jump
0.6767,74,-18,-218,jump
0.7357,102,-26,-238,jump
0.7936,85,-49,-215,jump
0.8523,110,-76,-219,jump
0.9101,94,-90,-203,jump
0.9689,98,-122,-194,jump
1.028,109,-96,-204,jump
1.0867,85,-131,-181,jump
1.1456,97,-133,-194,jump
1.2042,96,-134,-188,jump
1.2628,97,-134,-193,jump
1.3216,81,-165,-165,jump
1.3798,80,-147,-178,jump
1.4381,66,-185,-145,jump
1.4967,74,-165,-190,jump
1.5548,66,-175,-148,jump
1.6132,72,-194,-142,jump
1.6717,97,-156,-179,jump
1.7298,66,-207,-133,jump
1.7882,85,-155,-168,jump
1.8467,90,-191,-149,jump
1.9059,128,-113,-197,jump
1.9643,83,-171,-153,jump
2.0226,118,-91,-223,jump
2.0819,121,-102,-190,jump
2.1403,111,-93,-193,jump
2.1987,139,-78,-207,jump
2.2551,121,1,-220,jump
2.3138,131,-44,-215,jump
2.3724,120,-20,-192,jump
2.4298,155,28,-203,jump
2.4876,105,53,-216,jump
2.545,129,84,-204,jump
2.6038,112,104,-216,jump
2.6624,114,112,-214,jump
2.7211,112,115,-205,jump
2.7798,106,114,-204,jump
2.8385,107,119,-211,jump
2.8972,102,113,-201,jump
2.9549,99,114,-203,jump
3.0127,95,116,-201,jump
0.0589,88,51,-231,jump
0.1159,91,53,-230,jump
0.1729,91,50,-231,jump
0.2301,94,50,-230,jump
0.287,90,55,-233,jump
0.3441,93,51,-232,jump
0.4011,94,59,-244,jump
0.4582,97,46,-239,jump
0.5152,97,17,-229,jump
0.5719,103,5,-225,jump
0.6307,111,-34,-219,jump
0.6896,108,-52,-231,jump
0.7474,95,-51,-192,jump
0.8062,114,-95,-216,jump
0.8646,109,-77,-221,jump
0.9233,94,-104,-185,jump
0.982,118,-87,-221,jump
1.0406,107,-93,-194,jump
1.0993,108,-83,-201,jump
1.1582,127,-64,-218,jump
1.2164,119,-68,-218,jump
1.275,122,-50,-230,jump
1.3338,106,-65,-205,jump
1.3924,101,-50,-196,jump
1.4512,127,-31,-243,jump
1.5076,98,-4,-203,jump
1.5643,101,7,-218,jump
1.6221,126,26,-247,jump
1.6787,96,46,-230,jump
1.7363,104,48,-233,jump
1.7931,90,57,-231,jump
1.8501,98,67,-243,jump
1.9065,80,62,-227,jump
1.9633,85,63,-225,jump
2.0202,92,63,-233,jump
2.0768,88,62,-230,jump
2.1335,89,61,-232,jump
2.1903,88,61,-230,jump
2.2472,89,61,-226,jump
2.3036,85,59,-231,jump
2.3605,93,57,-231,jump
2.4172,89,57,-226,jump
2.4742,92,57,-233,jump
2.5308,92,58,-230,jump
2.5875,90,57,-228,jump
2.6443,96,57,-230,jump
2.7012,92,56,-231,jump
2.7581,91,59,-228,jump
2.8147,94,57,-230,jump
2.8714,96,57,-232,jump
2.9282,91,57,-229,jump
2.9851,88,57,-228,jump
0.0639,88,61,-227,jump
0.1208,87,62,-230,jump
0.1778,88,61,-232,jump
0.2345,90,61,-228,jump
0.2912,92,57,-231,jump
0.3481,93,50,-236,jump
0.4048,92,52,-229,jump
0.4628,129,23,-286,jump
0.5208,96,-12,-211,jump
0.5784,87,-82,-154,jump
0.6369,88,-103,-161,jump
0.6963,112,-149,-182,jump
0.7558,112,-163,-193,jump
0.814,81,-146,-163,jump
0.8724,71,-164,-142,jump
0.9307,86,-182,-147,jump
0.9901,100,-189,-163,jump
1.0484,85,-180,-150,jump
1.1067,87,-169,-162,jump
1.165,63,-197,-136,jump
1.2233,75,-189,-167,jump
1.2818,72,-198,-146,jump
1.34,98,-156,-174,jump
1.3994,106,-108,-164,jump
1.4588,117,-179,-185,jump
1.5171,101,-86,-179,jump
1.5757,144,-87,-184,jump
1.6348,126,-256,-239,jump
1.6932,161,-61,-215,jump
1.7498,148,0,-233,jump
1.8083,144,253,-214,jump
1.8648,120,4,-207,jump
1.9221,105,35,-193,jump
1.9798,116,48,-226,jump
2.0361,94,68,-224,jump
2.0938,103,69,-235,jump
2.1503,83,77,-233,jump
2.2068,70,84,-225,jump
2.2633,72,85,-226,jump
2.3199,78,85,-236,jump
2.3764,75,91,-232,jump
2.4328,81,92,-223,jump
2.4897,77,91,-222,jump
2.5459,88,90,-223,jump
2.6027,82,84,-219,jump
2.6592,87,94,-229,jump
2.7158,74,90,-223,jump
2.7724,73,89,-226,jump
2.829,83,93,-226,jump
2.8857,81,92,-219,jump
2.9422,77,90,-221,jump
2.9987,81,91,-225,jump
0.0661,95,91,-221,jump
0.1226,96,91,-221,jump
0.1794,94,90,-218,jump
0.2363,96,90,-221,jump
0.2931,94,89,-220,jump
0.3497,91,89,-219,jump
0.4066,98,91,-222,jump
0.4634,95,88,-218,jump
0.5212,108,77,-226,jump
0.5791,131,68,-252,jump
0.6368,124,30,-249,jump
0.6946,113,15,-215,jump
0.7532,100,-64,-191,jump
0.8116,115,-55,-212,jump
0.87,104,-96,-183,jump
0.9293,125,-107,-191,jump
0.9885,112,-122,-178,jump
1.0471,130,-94,-189,jump
1.1063,127,-105,-200,jump
1.1647,129,-73,-212,jump
1.2231,124,-77,-197,jump
1.2813,123,-61,-209,jump
1.3396,116,-51,-203,jump
1.3981,133,-31,-225,jump
1.4558,130,-8,-221,jump
1.5132,131,-7,-216,jump
1.5709,114,21,-213,jump
1.6285,119,22,-216,jump
1.6862,115,45,-225,jump
1.744,115,63,-220,jump
1.8017,133,65,-232,jump
1.8582,98,80,-218,jump
1.9172,110,101,-223,jump
1.9752,94,109,-202,jump
2.0338,102,109,-218,jump
2.0916,92,108,-210,jump
2.1492,97,106,-203,jump
2.2071,97,107,-201,jump
2.266,106,113,-218,jump
2.3238,99,113,-208,jump
2.3815,96,108,-204,jump
2.4405,109,114,-219,jump
2.4982,97,107,-211,jump
2.5552,96,99,-203,jump
2.613,97,103,-204,jump
2.6717,110,110,-214,jump
2.7306,105,106,-212,jump
2.7895,103,104,-209,jump
2.8484,102,105,-205,jump
2.9072,113,109,-213,jump
2.9661,105,105,-208,jump
0.0779,111,107,-205,jump
0.1367,112,106,-204,jump
0.196,114,105,-204,jump
0.2547,115,107,-204,jump
0.3135,113,105,-204,jump
0.3725,113,109,-206,jump
0.4314,110,107,-203,jump
0.4905,114,106,-205,jump
0.5495,115,108,-205,jump
0.6084,114,102,-206,jump
0.6673,113,104,-202,jump
0.7264,120,101,-211,jump
0.7842,128,96,-219,jump
0.8421,117,83,-205,jump
0.9001,126,79,-214,jump
0.958,124,72,-205,jump
1.0158,129,54,-210,jump
1.0737,136,36,-212,jump
1.1318,136,13,-207,jump
1.1886,127,0,-199,jump
1.2475,146,-18,-204,jump
1.3065,146,-34,-211,jump
1.3655,141,-50,-207,jump
1.4245,126,-58,-199,jump
1.4833,132,-87,-202,jump
1.5421,131,-85,-207,jump
1.602,131,-104,-197,jump
1.6612,129,-116,-194,jump
1.7206,107,-132,-164,jump
1.7798,126,-151,-182,jump
1.8393,121,-141,-167,jump
1.8976,96,-185,-136,jump
1.957,102,-157,-156,jump
2.0164,115,-159,-156,jump
2.0759,117,-154,-144,jump
2.1351,116,-128,-184,jump
2.1934,138,-83,-203,jump
2.253,145,-102,-195,jump
2.3112,142,-66,-195,jump
2.3699,138,-61,-195,jump
2.4273,117,-1,-202,jump
2.4859,166,-17,-238,jump
2.5435,129,13,-225,jump
2.6011,118,18,-206,jump
2.659,108,43,-217,jump
2.7155,98,63,-211,jump
2.7734,109,96,-251,jump
2.8322,103,100,-235,jump
2.89,94,107,-211,jump
2.949,100,106,-211,jump
3.0066,93,104,-202,jump
0.03,67,37,-241,jump
0.0885,73,36,-239,jump
0.147,79,32,-233,jump
0.2053,74,37,-240,jump
0.2638,71,39,-239,jump
0.322,69,35,-237,jump
0.3806,69,33,-238,jump
0.4391,76,34,-255,jump
0.4973,62,21,-243,jump
0.5558,78,19,-254,jump
0.6141,95,10,-239,jump
0.6725,92,-7,-231,jump
0.7329,102,-53,-215,jump
0.7923,95,-68,-225,jump
0.8541,101,-107,-207,jump
0.9143,96,-114,-186,jump
0.9747,89,-133,-143,jump
1.035,88,-153,-158,jump
0.0662,121,-10,-221,jump
0.1274,116,-10,-215,jump
0.1885,117,-12,-224,jump
0.2488,120,-8,-227,jump
0.3098,121,-10,-222,jump
0.3709,119,-13,-233,jump
0.4318,119,-31,-235,jump
0.493,115,-38,-229,jump
0.5542,137,-72,-210,jump
0.6153,120,-96,-183,jump
0.6773,126,-145,-161,jump
0.7394,135,-146,-140,jump
0.8014,125,-158,-128,jump
0.8633,108,-190,-110,jump
0.9242,94,-204,-109,jump
0.9859,108,-181,-125,jump
1.0478,105,-190,-114,jump
1.1099,106,-197,-114,jump
1.1718,138,-136,-155,jump
1.2334,120,-188,-130,jump
1.2952,150,-124,-175,jump
1.3562,101,-92,-123,jump
1.4183,165,-117,-207,jump
1.4794,132,-29,-204,jump
1.5405,136,-48,-193,jump
1.6016,155,-22,-236,jump
1.6619,117,-3,-204,jump
1.7208,137,5,-211,jump
1.7806,110,33,-208,jump
1.8406,124,41,-243,jump
1.9006,111,51,-224,jump
1.9596,91,52,-218,jump
2.0196,100,63,-230,jump
2.0796,107,66,-223,jump
2.1396,104,69,-224,jump
2.1996,104,67,-225,jump
2.2586,93,65,-216,jump
2.3188,101,66,-217,jump
2.3789,103,72,-227,jump
2.4378,97,70,-224,jump
2.4968,96,69,-219,jump
2.5558,92,68,-220,jump
2.6149,97,76,-227,jump
2.6738,95,72,-220,jump
2.7328,96,74,-224,jump
2.7919,90,72,-218,jump
2.8507,97,76,-227,jump
2.9096,95,71,-223,jump
2.9684,94,71,-219,jump
0.04,103,62,-223,jump
0.1,103,64,-229,jump
0.1589,97,62,-225,jump
0.2189,100,62,-223,jump
0.2787,100,61,-225,jump
0.3375,99,56,-225,jump
0.3975,101,53,-230,jump
0.4574,121,22,-246,jump
0.5166,113,4,-219,jump
0.5775,123,-13,-213,jump
0.6386,129,-53,-219,jump
0.6997,123,-56,-206,jump
0.7605,120,-86,-189,jump
0.8216,122,-96,-194,jump
0.8827,123,-98,-195,jump
0.9445,119,-109,-190,jump
1.0066,123,-120,-182,jump
1.0687,125,-117,-177,jump
1.1307,135,-122,-179,jump
1.1928,136,-127,-178,jump
1.2549,127,-135,-169,jump
1.317,124,-136,-165,jump
1.379,121,-138,-160,jump
1.4412,132,-147,-172,jump
1.5034,119,-131,-160,jump
1.5656,120,-134,-172,jump
1.6276,135,-121,-185,jump
1.6896,132,-122,-175,jump
1.7518,142,-107,-184,jump
1.8138,127,-108,-173,jump
1.8748,137,-97,-192,jump
1.9358,128,-71,-188,jump
1.997,145,-72,-202,jump
2.058,131,-35,-200,jump
2.118,136,-7,-210,jump
2.1779,153,-4,-243,jump
2.2368,119,2,-215,jump
2.2958,98,21,-205,jump
2.3558,106,47,-226,jump
2.4159,116,56,-256,jump
2.4759,115,59,-227,jump
2.5348,99,53,-208,jump
2.5948,103,57,-219,jump
2.6548,104,62,-228,jump
2.7136,98,56,-225,jump
2.7737,103,60,-214,jump
2.8337,106,58,-223,jump
2.8937,110,58,-226,jump
2.9534,101,57,-219,jump
3.0136,114,60,-227,jump
0.0715,110,63,-221,jump
0.1317,110,63,-220,jump
0.1916,112,63,-221,jump
0.2513,111,62,-222,jump
0.3112,112,61,-225,jump
0.3711,118,59,-229,jump
0.4311,114,53,-223,jump
0.4911,125,45,-224,jump
0.5511,133,27,-230,jump
0.6101,125,7,-215,jump
0.6711,137,-12,-216,jump
0.7322,136,-25,-216,jump
0.7933,131,-41,-201,jump
0.8546,147,-57,-200,jump
0.9156,139,-66,-190,jump
0.9765,146,-76,-189,jump
1.0374,149,-88,-182,jump
1.0986,147,-96,-183,jump
1.1606,141,-103,-176,jump
1.2226,144,-114,-172,jump
1.2846,144,-119,-169,jump
1.3467,142,-128,-157,jump
1.4087,141,-135,-148,jump
1.4708,149,-128,-158,jump
1.5328,151,-137,-161,jump
1.5948,142,-148,-142,jump
1.6569,134,-136,-153,jump
1.719,142,-157,-145,jump
1.781,142,-148,-152,jump
1.8432,131,-150,-135,jump
1.9053,143,-154,-152,jump
1.9674,137,-139,-150,jump
2.0296,134,-148,-143,jump
2.0917,143,-131,-160,jump
2.1534,137,-126,-153,jump
2.2157,163,-119,-179,jump
2.2778,135,-102,-155,jump
2.3389,153,-88,-182,jump
2.3999,149,-67,-195,jump
2.4609,147,-58,-197,jump
2.522,152,-30,-197,jump
2.5831,131,-13,-193,jump
2.6431,154,11,-238,jump
2.703,126,25,-227,jump
2.7629,123,35,-217,jump
2.8229,107,52,-208,jump
2.883,122,63,-231,jump
2.943,121,67,-231,jump
3.0029,109,65,-215,jump
0.0396,51,50,-241,jump
0.0957,49,50,-244,jump
0.152,51,49,-244,jump
0.2082,49,50,-239,jump
0.2645,56,50,-254,jump
0.3206,42,44,-244,jump
0.3768,55,33,-244,jump
0.4331,90,25,-256,jump
0.0569,30,67,-237,jump
0.1131,34,65,-245,jump
0.1695,36,62,-236,jump
0.2256,47,62,-239,jump
0.2816,48,62,-236,jump
0.3379,45,61,-232,jump
0.3942,40,64,-235,jump
0.4503,41,67,-235,jump
0.5066,46,65,-240,jump
0.5629,48,65,-237,jump
0.6191,46,65,-234,jump
0.6753,50,66,-241,jump
0.7315,43,75,-248,jump
0.7876,68,22,-263,jump
0.8439,42,35,-253,jump
0.9013,77,-27,-218,jump
0.9585,98,-91,-180,jump
1.0178,113,-103,-184,jump
1.0775,121,-124,-188,jump
1.1356,97,-145,-172,jump
1.1949,101,-156,-158,jump
1.2545,104,-159,-154,jump
1.3137,104,-171,-145,jump
1.3734,108,-161,-147,jump
1.4315,98,-168,-140,jump
1.4909,113,-170,-149,jump
1.5493,116,-92,-158,jump
1.6087,116,-130,-183,jump
1.667,119,-36,-203,jump
1.7245,106,14,-214,jump
1.7796,127,-2,-5,jump
1.836,73,52,-222,jump
1.8925,98,49,-257,jump
1.9487,62,61,-232,jump
2.005,56,68,-231,jump
2.0615,62,82,-251,jump
2.1179,52,81,-246,jump
2.1742,38,90,-229,jump
2.2304,43,89,-235,jump
2.2869,45,89,-233,jump
2.3432,46,89,-235,jump
2.3997,53,91,-235,jump
2.4561,55,91,-228,jump
2.5125,44,87,-237,jump
2.5687,61,88,-237,jump
2.6252,56,86,-225,jump
2.6815,55,79,-228,jump
2.7378,65,82,-230,jump
2.7945,62,73,-225,jump
2.8507,64,77,-228,jump
2.9071,65,80,-229,jump
2.9634,66,81,-229,jump
0.0687,67,80,-231,jump
0.1251,70,78,-232,jump
0.1816,70,78,-231,jump
0.2379,70,79,-229,jump
0.2943,72,77,-227,jump
0.3508,74,82,-231,jump
0.4071,85,82,-271,jump
0.4634,76,43,-256,jump
0.5188,95,5,-247,jump
0.577,122,-40,-206,jump
0.6343,97,-65,-185,jump
0.6939,128,-132,-177,jump
0.7534,128,-131,-163,jump
0.8129,115,-166,-146,jump
0.8726,108,-153,-152,jump
0.932,110,-171,-142,jump
0.9915,115,-176,-142,jump
1.0511,105,-193,-125,jump
1.1106,111,-180,-133,jump
1.1701,112,-179,-125,jump
1.2298,120,-183,-126,jump
1.2891,127,-163,-135,jump
1.3489,109,-190,-122,jump
1.4082,125,-166,-161,jump
1.4668,126,-98,-185,jump
1.5263,127,-153,-150,jump
1.5849,142,-68,-199,jump
1.6432,131,-10,-182,jump
1.7018,141,-16,-245,jump
1.7591,124,27,-242,jump
1.8164,136,13,-233,jump
1.8739,106,64,-217,jump
1.9304,80,53,-231,jump
1.9869,77,79,-222,jump
2.043,58,91,-209,jump
2.1004,69,115,-241,jump
2.1579,41,113,-227,jump
2.2153,52,121,-227,jump
2.2726,69,136,-240,jump
2.33,49,129,-222,jump
2.3874,43,119,-218,jump
2.4449,40,120,-219,jump
2.5022,47,126,-222,jump
2.5599,54,126,-226,jump
2.6172,58,121,-229,jump
2.6748,57,112,-220,jump
2.732,56,108,-214,jump
2.7884,54,91,-215,jump
2.8459,69,104,-219,jump
2.9032,64,102,-221,jump
2.9609,61,102,-219,jump
0.031,70,102,-224,jump
0.0884,71,101,-221,jump
0.1459,69,101,-224,jump
0.2033,71,101,-225,jump
0.2608,70,102,-222,jump
0.3182,71,101,-223,jump
0.3757,73,109,-226,jump
0.4321,81,88,-243,jump
0.4884,80,59,-239,jump
0.5459,119,38,-237,jump
0.6023,127,2,-227,jump
0.6609,129,-23,-223,jump
0.7192,125,-61,-195,jump
0.7778,123,-93,-179,jump
0.8372,134,-113,-170,jump
0.8968,129,-141,-143,jump
0.9563,131,-166,-134,jump
1.0158,135,-163,-138,jump
1.0752,127,-175,-113,jump
1.1348,123,-179,-117,jump
1.194,124,-190,-116,jump
1.2523,121,-206,-90,jump
1.3107,126,-199,-83,jump
1.369,125,-188,-76,jump
1.4273,127,-209,-82,jump
1.4858,126,-195,-92,jump
1.5439,117,-190,-82,jump
1.6034,135,-172,-113,jump
1.6628,141,-161,-131,jump
1.7222,130,-183,-119,jump
1.7817,149,-141,-153,jump
1.8399,141,-93,-165,jump
1.8992,159,-142,-173,jump
1.9577,166,-51,-205,jump
2.0159,144,-99,-181,jump
2.0743,164,-43,-208,jump
2.1326,127,-39,-191,jump
2.191,155,-42,-218,jump
2.2497,111,-29,-191,jump
2.3058,135,0,-215,jump
2.362,96,29,-243,jump
2.4193,131,18,-243,jump
2.4757,90,47,-208,jump
2.5318,93,64,-219,jump
2.588,75,76,-237,jump
2.6444,80,95,-249,jump
2.7008,88,94,-242,jump
2.7569,71,85,-220,jump
2.8132,76,86,-212,jump
2.8693,73,88,-223,jump
2.9258,78,97,-239,jump
2.982,73,87,-229,jump
0.0455,77,42,-238,jump
0.1017,76,41,-238,jump
0.1582,76,44,-237,jump
0.2147,76,43,-238,jump
0.2708,75,44,-240,jump
0.3272,73,45,-240,jump
0.3836,79,38,-255,jump
0.44,73,33,-251,jump
0.4964,75,10,-247,jump
0.5538,82,-20,-228,jump
0.6112,99,-52,-213,jump
0.6688,96,-58,-229,jump
0.727,114,-94,-197,jump
0.7867,106,-105,-179,jump
0.8461,125,-120,-193,jump
0.9057,110,-131,-186,jump
0.9651,103,-139,-177,jump
1.0246,103,-160,-166,jump
1.084,113,-134,-168,jump
1.1435,125,-154,-174,jump
1.2031,108,-132,-163,jump
1.2626,104,-124,-180,jump
1.3221,128,-113,-200,jump
1.3807,127,-90,-203,jump
1.4403,118,-101,-182,jump
1.4986,124,-55,-211,jump
1.5573,130,-31,-231,jump
1.6156,124,-39,-237,jump
1.6742,108,-14,-224,jump
1.7327,105,-23,-214,jump
1.7891,108,0,-227,jump
1.8456,113,5,-227,jump
1.9029,122,30,-238,jump
1.9591,70,63,-224,jump
2.0155,86,43,-230,jump
2.0718,61,61,-241,jump
2.1283,71,66,-224,jump
2.1846,78,78,-245,jump
2.241,78,82,-238,jump
2.2975,69,82,-221,jump
2.3538,67,79,-212,jump
2.4102,76,79,-233,jump
2.4667,77,80,-239,jump
2.5229,85,77,-234,jump
2.5792,77,71,-212,jump
2.6355,76,73,-216,jump
2.6921,84,72,-236,jump
2.7485,86,76,-231,jump
2.8048,85,73,-226,jump
2.8612,76,75,-225,jump
2.9176,83,74,-233,jump
2.974,83,72,-231,jump
0.0234,90,68,-229,jump
0.0797,91,68,-226,jump
0.1361,91,69,-228,jump
0.1929,89,68,-227,jump
0.2489,91,67,-230,jump
0.3054,94,68,-234,jump
0.3619,95,62,-245,jump
0.4191,106,50,-236,jump
0.4767,128,23,-235,jump
0.534,121,-6,-219,jump
0.5924,141,-30,-221,jump
0.6509,134,-66,-191,jump
0.7105,145,-110,-160,jump
0.7699,146,-113,-159,jump
0.8295,148,-135,-145,jump
0.889,154,-145,-135,jump
0.9485,149,-144,-127,jump
1.0079,138,-158,-127,jump
1.0673,155,-157,-137,jump
1.127,142,-164,-131,jump
1.1864,135,-164,-129,jump
1.246,129,-171,-124,jump
1.3055,149,-157,-137,jump
1.3649,135,-164,-125,jump
1.4245,143,-155,-146,jump
1.4841,147,-160,-142,jump
1.5435,140,-141,-137,jump
1.6031,138,-155,-137,jump
1.6626,137,-133,-147,jump
1.7222,139,-146,-148,jump
1.7818,160,-106,-188,jump
1.8401,145,-75,-184,jump
1.8988,154,-91,-190,jump
1.9571,135,-18,-203,jump
2.0156,150,-67,-206,jump
2.0741,137,-16,-209,jump
2.1324,140,-41,-198,jump
2.1899,131,-9,-212,jump
2.2463,116,1,-203,jump
2.3037,134,13,-246,jump
2.361,103,24,-220,jump
2.4186,123,34,-227,jump
2.476,111,49,-232,jump
2.5334,110,42,-233,jump
2.5909,105,46,-220,jump
2.6471,95,48,-207,jump
2.7048,107,65,-235,jump
2.762,103,66,-237,jump
2.8183,98,72,-226,jump
2.8748,97,75,-217,jump
2.932,104,76,-231,jump
2.9896,101,75,-226,jump
0.0581,113,58,-221,jump
0.1158,113,57,-219,jump
0.173,114,57,-222,jump
0.2305,114,57,-222,jump
0.2879,115,58,-221,jump
0.3453,114,57,-220,jump
0.4029,117,55,-223,jump
0.4602,117,56,-223,jump
0.5178,138,61,-255,jump
0.5751,131,50,-219,jump
0.6335,166,-14,-275,jump
0.692,119,-60,-167,jump
0.7515,111,-120,-125,jump
0.8087,99,-174,-79,jump
0.8682,164,-144,-157,jump
0.9277,140,-124,-137,jump
0.9873,155,-140,-153,jump
1.0457,106,-27,-121,jump
1.1033,143,-6,-200,jump
1.1609,127,82,-272,jump
1.219,123,104,-268,jump
1.2768,127,97,-254,jump
1.333,77,74,-192,jump
1.3892,86,75,-194,jump
1.4458,90,83,-224,jump
1.5031,114,89,-253,jump
1.5595,98,81,-221,jump
1.6159,89,72,-199,jump
1.6721,93,81,-209,jump
1.7296,113,86,-237,jump
1.787,101,84,-226,jump
1.8433,96,81,-209,jump
1.9008,100,80,-214,jump
1.9582,109,84,-228,jump
2.0157,100,79,-220,jump
2.072,97,80,-212,jump
2.1295,104,82,-217,jump
2.1869,106,83,-225,jump
2.2443,101,81,-217,jump
2.3019,101,81,-216,jump
2.3592,103,84,-220,jump
2.4168,102,85,-219,jump
2.474,104,82,-218,jump
2.5316,102,78,-213,jump
2.5891,103,79,-217,jump
2.6463,105,83,-221,jump
2.7038,106,84,-222,jump
2.7612,103,82,-218,jump
2.8186,104,80,-215,jump
2.8762,105,82,-220,jump
2.9338,106,81,-217,jump
2.9911,109,84,-218,jump
0.0548,95,37,-234,duck
0.1117,95,36,-230,duck
0.1687,96,35,-233,duck
0.2257,98,38,-234,duck
0.2823,94,36,-231,duck
0.3392,95,38,-231,duck
0.3961,96,36,-231,duck
0.4529,90,35,-226,duck
0.5108,125,30,-231,duck
0.5688,139,33,-222,duck
0.6268,157,37,-206,duck
0.6848,185,19,-198,duck
0.7429,160,10,-175,duck
0.8009,191,-9,-173,duck
0.8602,203,-15,-134,duck
0.9192,236,-19,-134,duck
0.9772,232,-21,-91,duck
1.0352,240,-19,-84,duck
1.0932,258,-34,-90,duck
1.1512,234,-26,-81,duck
1.2091,244,-30,-97,duck
1.2683,229,-28,-105,duck
1.3273,238,-39,-119,duck
1.3864,230,-24,-118,duck
1.4455,225,-19,-126,duck
1.5047,224,-13,-142,duck
1.5636,204,-13,-164,duck
1.6227,187,-14,-176,duck
1.6797,161,6,-195,duck
1.7388,155,-10,-203,duck
1.7959,164,5,-211,duck
1.8529,136,9,-210,duck
1.9108,134,13,-212,duck
1.9689,125,48,-225,duck
2.0271,105,19,-224,duck
2.0851,112,25,-237,duck
2.1421,95,25,-229,duck
2.199,93,26,-229,duck
2.256,88,27,-239,duck
2.3129,83,33,-245,duck
2.37,71,33,-241,duck
2.4269,49,26,-238,duck
2.4837,59,24,-255,duck
2.5407,50,39,-249,duck
2.5978,41,43,-253,duck
2.6548,31,37,-235,duck
2.7118,30,34,-249,duck
2.7688,32,37,-248,duck
2.8257,37,39,-252,duck
2.8827,24,33,-242,duck
2.9398,25,34,-254,duck
2.9968,37,41,-250,duck
1.0971,101,54,-239,duck
1.155,104,51,-230,duck
1.213,136,46,-229,duck
1.2711,127,36,-203,duck
1.3291,173,31,-201,duck
1.3874,187,23,-189,duck
1.4444,199,9,-168,duck
1.5025,205,-1,-146,duck
1.5605,212,-4,-134,duck
1.6196,240,-14,-120,duck
1.6776,238,-18,-93,duck
1.7356,246,-16,-80,duck
1.7936,257,-16,-68,duck
1.8516,248,-19,-51,duck
1.9095,255,-27,-55,duck
1.9674,254,-29,-51,duck
2.0255,256,-32,-50,duck
2.0835,254,-26,-48,duck
2.1414,255,-30,-46,duck
2.1994,254,-28,-49,duck
0.0514,2,46,-247,duck
0.1067,2,45,-249,duck
0.1621,1,48,-248,duck
0.2173,2,48,-248,duck
0.2723,0,47,-246,duck
0.3275,2,49,-249,duck
0.3826,2,51,-248,duck
0.438,6,42,-247,duck
0.4942,24,50,-249,duck
0.5505,22,46,-249,duck
0.6066,29,47,-247,duck
0.6631,36,43,-241,duck
0.7192,44,40,-243,duck
0.7754,64,43,-248,duck
0.8318,65,40,-239,duck
0.888,74,41,-237,duck
0.9442,90,37,-231,duck
1.0015,102,36,-224,duck
1.0577,97,34,-235,duck
1.114,99,34,-231,duck
1.1711,104,35,-226,duck
1.2283,101,34,-230,duck
1.2858,110,33,-223,duck
1.3422,64,37,-238,duck
1.3982,60,36,-252,duck
1.4546,29,36,-241,duck
1.5111,18,44,-253,duck
1.5673,21,42,-251,duck
1.6244,-20,34,-252,duck
1.6818,-26,35,-238,duck
1.7392,-28,38,-246,duck
1.7963,-54,40,-251,duck
1.8534,-58,40,-248,duck
1.9107,-55,39,-239,duck
1.9682,-61,42,-238,duck
2.0254,-68,43,-253,duck
2.0826,-58,42,-222,duck
2.1399,-71,28,-230,duck
2.1972,-62,28,-240,duck
2.2543,-65,26,-236,duck
2.3116,-61,30,-233,duck
2.3689,-64,34,-245,duck
2.4262,-60,36,-245,duck
2.4836,-61,33,-239,duck
2.541,-61,34,-241,duck
2.5983,-62,35,-246,duck
2.6556,-61,33,-241,duck
2.7131,-55,36,-239,duck
2.7703,-60,34,-244,duck
2.8276,-54,40,-243,duck
2.8849,-58,36,-237,duck
2.9421,-52,37,-243,duck
2.9995,-53,37,-242,duck
0.0243,-18,43,-244,duck
0.0816,-17,47,-248,duck
0.1391,-18,47,-246,duck
0.1964,-17,46,-244,duck
0.254,-15,48,-246,duck
0.3112,-11,46,-243,duck
0.3665,9,56,-250,duck
0.4217,7,43,-246,duck
0.4781,33,52,-233,duck
0.5343,72,59,-245,duck
0.5904,81,52,-237,duck
0.647,74,54,-237,duck
0.7031,88,48,-230,duck
0.7603,103,53,-229,duck
0.8174,107,46,-225,duck
0.8748,116,44,-219,duck
0.932,113,41,-230,duck
0.9894,115,41,-216,duck
1.0466,117,42,-224,duck
1.1038,118,40,-227,duck
1.1611,124,41,-216,duck
1.2185,122,41,-225,duck
1.2757,122,44,-227,duck
1.333,130,42,-216,duck
1.3903,127,40,-218,duck
1.4474,128,41,-217,duck
1.5047,126,41,-218,duck
1.5619,124,36,-211,duck
1.6192,117,38,-223,duck
1.6765,126,39,-235,duck
1.733,77,37,-241,duck
1.7891,89,49,-243,duck
1.8453,60,44,-243,duck
1.9017,81,45,-238,duck
1.9578,32,41,-247,duck
2.013,6,42,-247,duck
2.0682,1,42,-247,duck
2.1246,-7,43,-243,duck
2.182,-10,45,-251,duck
2.2391,-15,44,-246,duck
2.2964,-24,51,-238,duck
2.354,-40,39,-241,duck
2.4109,-43,41,-245,duck
2.4683,-45,43,-243,duck
2.5256,-47,40,-238,duck
2.5831,-44,38,-241,duck
2.6402,-50,38,-243,duck
2.6973,-49,40,-243,duck
2.7547,-45,41,-243,duck
2.8119,-46,40,-241,duck
2.8694,-47,41,-248,duck
2.9265,-46,39,-239,duck
2.9841,-44,39,-242,duck
0.0697,-4,42,-252,duck
0.1258,-1,38,-242,duck
0.1832,-15,39,-249,duck
0.2394,-5,43,-248,duck
0.2958,-5,40,-244,duck
0.3521,-9,42,-246,duck
0.4095,-11,41,-246,duck
0.4658,14,41,-258,duck
0.5221,69,42,-238,duck
0.5784,94,44,-229,duck
0.6355,119,50,-228,duck
0.6928,113,49,-229,duck
0.7501,112,48,-227,duck
0.8074,118,47,-217,duck
0.8647,131,37,-220,duck
0.922,136,40,-210,duck
0.9793,147,42,-210,duck
1.0366,149,42,-195,duck
1.0938,148,41,-206,duck
1.1511,149,42,-205,duck
1.2083,155,42,-203,duck
1.2655,153,43,-199,duck
1.3229,157,43,-200,duck
1.3801,156,43,-198,duck
1.4375,152,45,-201,duck
1.4947,152,43,-200,duck
1.552,153,45,-206,duck
1.6091,156,43,-198,duck
1.6666,151,47,-202,duck
1.7238,149,47,-201,duck
1.781,140,46,-208,duck
1.8384,122,39,-220,duck
1.8957,103,42,-220,duck
1.952,82,44,-243,duck
2.0082,46,50,-243,duck
2.0646,28,50,-258,duck
2.1206,13,41,-248,duck
2.1781,-11,40,-248,duck
2.2354,-15,43,-243,duck
2.2915,-9,44,-240,duck
2.3489,-29,48,-251,duck
2.4062,-27,49,-247,duck
2.4636,-24,47,-242,duck
2.5208,-36,45,-244,duck
2.5781,-38,27,-239,duck
2.6356,-32,52,-250,duck
2.6927,-35,54,-250,duck
2.75,-39,49,-240,duck
2.8074,-39,49,-243,duck
2.8648,-28,51,-250,duck
2.922,-27,52,-241,duck
2.9793,-26,51,-243,duck
0.052,39,56,-244,duck
0.1086,39,54,-245,duck
0.1651,38,53,-245,duck
0.2215,56,57,-240,duck
0.2781,53,57,-244,duck
0.3346,52,52,-235,duck
0.3911,59,58,-241,duck
0.4476,60,56,-240,duck
0.5041,79,54,-234,duck
0.5606,80,53,-233,duck
0.6171,82,54,-238,duck
0.6735,89,46,-233,duck
0.7301,92,46,-229,duck
0.7862,92,43,-229,duck
0.8427,93,48,-234,duck
0.8991,98,46,-229,duck
0.9566,101,45,-231,duck
1.0139,100,47,-231,duck
1.0704,99,44,-230,duck
1.1268,99,45,-231,duck
1.1831,98,47,-231,duck
1.2394,99,45,-229,duck
1.2969,105,40,-225,duck
1.3534,74,49,-239,duck
1.41,78,48,-245,duck
1.4661,65,51,-241,duck
1.5226,65,55,-239,duck
1.5789,42,48,-241,duck
1.6354,18,41,-242,duck
1.6919,15,51,-249,duck
1.7472,4,35,-219,duck
1.8046,-25,54,-260,duck
1.8621,-14,55,-251,duck
1.9195,-30,58,-233,duck
1.9771,-36,53,-245,duck
2.0345,-46,49,-245,duck
2.092,-37,47,-240,duck
2.1495,-50,53,-247,duck
2.2071,-51,52,-241,duck
2.2645,-47,51,-242,duck
2.322,-50,50,-241,duck
2.3795,-46,53,-242,duck
2.437,-47,51,-244,duck
2.4943,-36,53,-243,duck
2.552,-42,51,-242,duck
2.6094,-40,53,-242,duck
2.6671,-41,52,-241,duck
2.7244,-39,54,-245,duck
2.782,-39,53,-242,duck
2.8394,-39,52,-245,duck
2.897,-39,55,-242,duck
2.9543,-38,53,-243,duck
3.0119,-36,52,-240,duck
0.0607,-31,48,-244,duck
0.1179,-35,49,-244,duck
0.1751,-31,48,-244,duck
0.2324,-34,49,-245,duck
0.2896,-36,47,-245,duck
0.3471,-24,44,-241,duck
0.4043,-21,46,-245,duck
0.4594,2,48,-251,duck
0.5146,8,46,-255,duck
0.5706,25,43,-241,duck
0.6271,44,43,-241,duck
0.6831,56,40,-250,duck
0.7393,63,41,-239,duck
0.7955,64,38,-238,duck
0.8517,78,37,-240,duck
0.9082,87,32,-234,duck
0.9641,97,34,-235,duck
1.0214,103,36,-233,duck
1.0788,110,35,-227,duck
1.1362,117,36,-224,duck
1.1934,119,30,-222,duck
1.2505,125,33,-218,duck
1.3079,131,35,-220,duck
1.3651,135,33,-215,duck
1.4224,131,33,-214,duck
1.4797,139,35,-219,duck
1.5371,135,34,-213,duck
1.5943,135,35,-215,duck
1.6515,130,32,-217,duck
1.7087,118,36,-221,duck
1.7662,127,33,-221,duck
1.8233,125,36,-224,duck
1.8806,116,36,-227,duck
1.938,104,34,-244,duck
1.9942,84,44,-235,duck
2.0502,61,44,-238,duck
2.1066,33,43,-248,duck
2.1628,39,40,-247,duck
2.2191,-1,34,-245,duck
2.2753,-5,34,-246,duck
2.3325,-14,35,-247,duck
2.3897,-37,32,-244,duck
2.4471,-34,33,-249,duck
2.5043,-34,27,-240,duck
2.5614,-44,28,-238,duck
2.6188,-31,34,-236,duck
2.6762,-35,35,-245,duck
2.7332,-28,37,-245,duck
2.7906,-28,30,-244,duck
2.8478,-26,36,-240,duck
2.9052,-31,33,-250,duck
2.9624,-31,34,-247,duck
0.0614,-8,43,-246,duck
0.1177,-3,43,-250,duck
0.1739,-5,40,-247,duck
0.2299,-6,43,-247,duck
0.2862,-4,41,-248,duck
0.3427,-5,41,-244,duck
0.3989,-1,44,-248,duck
0.4549,13,42,-238,duck
0.5112,28,45,-254,duck
0.5674,34,41,-241,duck
0.6235,52,50,-240,duck
0.6797,79,50,-245,duck
0.7361,86,39,-233,duck
0.7924,97,49,-239,duck
0.8497,107,41,-226,duck
0.9071,115,40,-224,duck
0.9644,119,41,-221,duck
1.0218,124,40,-223,duck
1.079,123,37,-219,duck
1.1362,136,37,-215,duck
1.1937,100,35,-230,duck
1.2508,100,41,-238,duck
1.3072,84,44,-234,duck
1.3634,84,36,-234,duck
1.4198,51,38,-250,duck
1.4759,73,42,-245,duck
1.5311,8,33,-240,duck
1.5874,-6,35,-244,duck
1.6447,-11,31,-238,duck
1.702,-28,37,-248,duck
1.7592,-13,38,-246,duck
1.8165,-14,38,-247,duck
1.8738,-35,39,-248,duck
1.9309,-30,36,-243,duck
1.9883,-46,38,-242,duck
2.0457,-47,37,-244,duck
2.1028,-40,40,-241,duck
2.16,-38,34,-244,duck
2.2173,-42,37,-246,duck
2.2748,-42,38,-245,duck
2.3319,-34,39,-248,duck
2.3892,-34,39,-246,duck
2.4464,-33,41,-244,duck
2.5038,-34,41,-247,duck
2.5609,-33,39,-246,duck
2.6182,-30,42,-249,duck
2.6755,-24,41,-244,duck
2.7329,-29,40,-245,duck
2.79,-27,42,-244,duck
2.8473,-28,41,-247,duck
2.9046,-28,41,-245,duck
2.9616,-28,40,-247,duck
0.0508,1,16,-252,duck
0.106,2,19,-250,duck
0.1613,2,20,-251,duck
0.2162,2,16,-251,duck
0.2715,4,20,-251,duck
0.3266,1,18,-249,duck
0.3818,3,19,-253,duck
0.4369,3,18,-247,duck
0.4923,1,16,-252,duck
0.5483,-7,18,-243,duck
0.6044,41,18,-251,duck
0.6608,38,17,-243,duck
0.717,36,21,-245,duck
0.7734,43,20,-250,duck
0.8296,68,19,-243,duck
0.8859,87,24,-243,duck
0.9422,98,21,-238,duck
0.9996,110,22,-231,duck
1.0573,101,18,-231,duck
1.1145,111,19,-230,duck
1.172,116,22,-230,duck
1.2293,106,23,-230,duck
1.2857,93,19,-234,duck
1.3422,66,19,-243,duck
1.3983,47,29,-248,duck
1.4548,32,20,-246,duck
1.5113,24,19,-243,duck
1.5676,-1,12,-250,duck
1.6249,-11,15,-249,duck
1.6824,-18,21,-255,duck
1.7398,-31,19,-241,duck
1.7972,-58,12,-244,duck
1.8544,-46,18,-249,duck
1.9118,-47,21,-244,duck
1.9691,-62,17,-238,duck
2.0266,-63,17,-244,duck
2.084,-55,20,-241,duck
2.1414,-54,23,-243,duck
2.1987,-53,21,-242,duck
2.2563,-56,21,-246,duck
2.3134,-50,23,-247,duck
2.3708,-48,20,-243,duck
2.4281,-47,22,-245,duck
2.4855,-53,23,-243,duck
2.5429,-44,20,-246,duck
2.6004,-46,22,-245,duck
2.6576,-40,23,-243,duck
2.715,-45,25,-243,duck
2.7723,-41,28,-259,duck
2.8298,-33,20,-233,duck
2.8872,-49,21,-245,duck
2.9444,-40,27,-249,duck
3.0019,-39,25,-247,duck
0.0625,-18,30,-249,duck
0.1199,-16,30,-248,duck
0.1774,-17,32,-249,duck
0.2348,-17,31,-247,duck
0.2923,-15,31,-248,duck
0.3497,-15,31,-247,duck
0.4071,-16,32,-244,duck
0.4635,10,33,-245,duck
0.5188,0,32,-239,duck
0.5752,70,37,-253,duck
0.6316,96,28,-242,duck
0.6889,117,26,-225,duck
0.7462,129,18,-210,duck
0.8036,168,23,-224,duck
0.8608,151,14,-196,duck
0.9171,143,6,-213,duck
0.9734,158,2,-200,duck
1.0295,172,5,-192,duck
1.087,166,10,-200,duck
1.1443,159,12,-203,duck
1.2017,157,11,-202,duck
1.2591,147,10,-207,duck
1.3166,148,11,-209,duck
1.3738,144,13,-213,duck
1.4311,119,15,-214,duck
1.4886,111,20,-229,duck
1.5461,109,25,-230,duck
1.6025,69,40,-251,duck
1.6586,56,32,-250,duck
1.715,20,15,-240,duck
1.7713,-7,23,-253,duck
1.8287,-41,35,-241,duck
1.886,-44,24,-246,duck
1.9434,-65,20,-232,duck
2.0007,-64,19,-233,duck
2.058,-67,31,-247,duck
2.1153,-61,23,-240,duck
2.1727,-68,21,-237,duck
2.2298,-64,23,-241,duck
2.287,-61,25,-242,duck
2.3443,-61,26,-241,duck
2.4017,-49,30,-240,duck
2.4589,-58,30,-250,duck
2.5161,-58,26,-237,duck
2.5736,-50,30,-243,duck
2.6306,-49,31,-243,duck
2.6879,-51,30,-245,duck
2.7455,-46,34,-241,duck
2.8026,-50,32,-250,duck
2.86,-47,31,-236,duck
2.9173,-47,33,-244,duck
2.9745,-45,34,-249,duck
0.0656,5,44,-248,duck
0.121,5,42,-249,duck
0.1763,3,45,-249,duck
0.2315,4,43,-251,duck
0.2868,0,42,-248,duck
0.3423,0,42,-247,duck
0.3984,40,41,-240,duck
0.4547,65,44,-239,duck
0.5113,88,42,-242,duck
0.5674,82,38,-235,duck
0.6237,92,34,-235,duck
0.6813,101,32,-228,duck
0.7384,121,29,-224,duck
0.7958,130,32,-221,duck
0.8532,126,30,-218,duck
0.9104,130,28,-220,duck
0.9678,134,30,-218,duck
1.0252,136,28,-211,duck
1.0826,138,27,-215,duck
1.1399,137,27,-213,duck
1.1973,139,29,-212,duck
1.2546,140,30,-211,duck
1.312,137,28,-214,duck
1.3693,136,29,-212,duck
1.4266,132,31,-217,duck
1.4841,121,29,-219,duck
1.5415,114,39,-228,duck
1.5991,108,36,-230,duck
1.6554,93,44,-229,duck
1.7117,45,38,-247,duck
1.7683,35,35,-262,duck
1.8245,19,40,-242,duck
1.8798,3,42,-254,duck
1.9364,-2,39,-249,duck
1.9935,-16,37,-248,duck
2.051,-33,32,-238,duck
2.1082,-58,40,-242,duck
2.1656,-59,34,-245,duck
2.2232,-54,38,-246,duck
2.2804,-54,36,-241,duck
2.3376,-57,36,-241,duck
2.3952,-50,40,-250,duck
2.4524,-35,38,-246,duck
2.5097,-38,36,-242,duck
2.5672,-36,39,-244,duck
2.6244,-39,39,-246,duck
2.6819,-41,39,-241,duck
2.7391,-11,44,-242,duck
2.7965,-27,40,-255,duck
2.8541,-30,40,-240,duck
2.9113,-27,43,-244,duck
2.9688,-34,40,-252,duck
0.0349,39,26,-248,duck
0.0912,40,24,-247,duck
0.1476,41,25,-249,duck
0.2039,42,24,-247,duck
0.2602,40,26,-248,duck
0.3166,43,26,-246,duck
0.3729,45,28,-236,duck
0.4294,62,30,-243,duck
0.4857,66,31,-246,duck
0.5419,74,33,-243,duck
0.5984,88,30,-238,duck
0.6558,100,32,-234,duck
0.7134,117,33,-234,duck
0.7706,111,28,-231,duck
0.828,121,28,-220,duck
0.8854,126,28,-219,duck
0.9427,122,26,-223,duck
1.0003,125,28,-220,duck
1.0576,124,29,-222,duck
1.1151,124,27,-222,duck
1.1725,126,28,-221,duck
1.2299,120,31,-227,duck
1.2864,95,33,-235,duck
1.3437,112,29,-232,duck
1.4,81,34,-250,duck
1.4564,54,40,-251,duck
1.5129,16,23,-245,duck
1.5704,-20,15,-246,duck
1.6277,-32,17,-256,duck
1.685,-26,22,-246,duck
1.7423,-22,21,-242,duck
1.7997,-52,19,-249,duck
1.8574,-69,32,-246,duck
1.9144,-67,17,-238,duck
1.9718,-82,16,-239,duck
2.029,-75,18,-240,duck
2.0865,-70,20,-239,duck
2.1437,-73,18,-237,duck
2.201,-70,20,-242,duck
2.2585,-72,20,-238,duck
2.3156,-69,21,-239,duck
2.3727,-71,21,-239,duck
2.4303,-67,21,-239,duck
2.4874,-67,20,-242,duck
2.5448,-61,20,-237,duck
2.6023,-60,21,-238,duck
2.6595,-66,22,-248,duck
2.7167,-61,23,-239,duck
2.7739,-64,24,-239,duck
2.8314,-65,21,-245,duck
2.8887,-58,21,-241,duck
2.946,-63,22,-242,duck
3.0033,-57,24,-242,duck
0.0634,-13,37,-249,duck
0.1198,-3,37,-249,duck
0.1772,-14,37,-246,duck
0.2347,-11,38,-247,duck
0.2923,-12,37,-247,duck
0.3496,-21,35,-246,duck
0.406,13,39,-247,duck
0.4628,17,41,-252,duck
0.519,42,39,-248,duck
0.5754,53,38,-238,duck
0.6318,66,42,-241,duck
0.6893,102,47,-250,duck
0.7468,101,40,-231,duck
0.8042,107,31,-224,duck
0.8618,119,31,-223,duck
0.919,117,28,-228,duck
0.9764,118,29,-224,duck
1.0339,127,31,-221,duck
1.0912,127,28,-219,duck
1.1488,129,27,-220,duck
1.206,128,29,-219,duck
1.2635,129,24,-222,duck
1.3209,131,26,-212,duck
1.3782,140,23,-219,duck
1.4356,144,21,-209,duck
1.4929,137,19,-216,duck
1.5502,153,22,-200,duck
1.6078,152,18,-202,duck
1.6651,153,21,-208,duck
1.7224,151,20,-203,duck
1.7798,151,21,-210,duck
1.8372,154,21,-208,duck
1.8947,134,21,-222,duck
1.9518,124,23,-247,duck
2.0082,75,16,-248,duck
2.0648,39,22,-243,duck
2.121,22,14,-248,duck
2.1774,-1,12,-253,duck
2.2348,-31,18,-247,duck
2.2922,-35,16,-240,duck
2.3498,-59,16,-241,duck
2.4071,-69,20,-242,duck
2.4645,-55,16,-245,duck
2.5219,-54,16,-238,duck
2.5793,-47,17,-242,duck
2.6367,-58,20,-247,duck
2.6941,-55,17,-241,duck
2.7517,-50,21,-239,duck
2.8089,-54,18,-252,duck
2.8663,-51,19,-241,duck
2.9238,-53,22,-249,duck
2.9812,-45,22,-246,duck
0.043,6,35,-252,duck
0.0986,0,30,-249,duck
0.155,-1,33,-249,duck
0.2103,6,36,-248,duck
0.2655,0,35,-250,duck
0.3221,-3,31,-243,duck
0.3785,12,26,-242,duck
0.435,59,26,-249,duck
0.4913,93,28,-240,duck
0.548,99,35,-218,duck
0.6053,121,34,-231,duck
0.6629,121,26,-227,duck
0.7202,130,23,-215,duck
0.7776,144,22,-208,duck
0.8351,141,23,-219,duck
0.8925,136,23,-215,duck
0.9499,140,21,-210,duck
1.0072,139,22,-216,duck
1.0648,134,25,-215,duck
1.1223,134,26,-222,duck
1.1797,121,21,-217,duck
1.237,126,23,-219,duck
1.2947,124,27,-230,duck
1.3521,121,38,-229,duck
1.4084,79,30,-246,duck
1.4648,39,25,-247,duck
1.5214,46,42,-242,duck
1.5768,0,29,-254,duck
1.6333,-9,17,-232,duck
1.6909,-28,22,-243,duck
1.7482,-43,28,-246,duck
1.8059,-40,30,-248,duck
1.8632,-48,29,-247,duck
1.9208,-46,30,-241,duck
1.9782,-42,32,-243,duck
2.0357,-43,28,-244,duck
2.0932,-39,34,-252,duck
2.1508,-36,32,-245,duck
2.2081,-31,34,-244,duck
2.2658,-45,30,-244,duck
2.3232,-40,33,-245,duck
2.3807,-35,35,-247,duck
2.4382,-33,33,-248,duck
2.4959,-34,33,-244,duck
2.5533,-31,33,-246,duck
2.611,-31,32,-250,duck
2.6683,-33,36,-246,duck
2.7259,-30,34,-246,duck
2.7833,-28,35,-251,duck
2.8408,-30,34,-247,duck
2.8983,-29,33,-250,duck
2.9558,-26,36,-248,duck
3.0133,-24,36,-247,duck
0.0453,1,40,-248,duck
0.1008,6,39,-250,duck
0.1563,3,38,-248,duck
0.2115,3,41,-252,duck
0.2672,5,41,-247,duck
0.3226,3,39,-248,duck
0.3782,6,29,-242,duck
0.4345,51,43,-251,duck
0.4912,46,34,-240,duck
0.5475,54,36,-239,duck
0.6041,67,40,-248,duck
0.6605,68,37,-241,duck
0.7171,84,39,-235,duck
0.7745,114,34,-233,duck
0.8322,125,33,-227,duck
0.8894,130,29,-214,duck
0.947,132,31,-216,duck
1.0045,128,30,-220,duck
1.0619,132,27,-212,duck
1.1194,141,33,-213,duck
1.1769,136,28,-213,duck
1.2343,138,30,-212,duck
1.2918,139,31,-211,duck
1.3493,137,31,-215,duck
1.4068,126,27,-218,duck
1.4643,130,30,-215,duck
1.5217,132,30,-221,duck
1.5792,121,31,-229,duck
1.6357,90,28,-237,duck
1.6922,90,27,-232,duck
1.7486,55,29,-244,duck
1.8051,33,35,-252,duck
1.8615,13,30,-255,duck
1.918,16,33,-247,duck
1.9734,4,39,-236,duck
2.0312,-19,27,-248,duck
2.0885,-27,29,-252,duck
2.1462,-27,30,-242,duck
2.2035,-30,40,-250,duck
2.2612,-37,46,-247,duck
2.3186,-41,35,-247,duck
2.3763,-39,35,-245,duck
2.4336,-41,35,-247,duck
2.4913,-43,35,-245,duck
2.5488,-34,38,-246,duck
2.6063,-38,37,-251,duck
2.6638,-33,37,-244,duck
2.7212,-27,39,-249,duck
2.7789,-30,36,-244,duck
2.8364,-34,36,-248,duck
2.8942,-31,37,-249,duck
2.9515,-18,43,-245,duck
3.0092,-25,39,-249,duck
0.0454,13,41,-249,duck
0.1018,28,38,-249,duck
0.1572,7,36,-248,duck
0.2127,9,39,-248,duck
0.2692,11,31,-250,duck
0.3259,26,40,-250,duck
0.3824,37,42,-247,duck
0.4389,71,39,-239,duck
0.4966,102,45,-229,duck
0.5544,113,48,-233,duck
0.6117,114,42,-223,duck
0.6693,119,38,-225,duck
0.727,120,38,-220,duck
0.7846,125,37,-219,duck
0.8424,132,39,-211,duck
0.8998,134,36,-215,duck
0.9573,139,39,-215,duck
1.0149,142,35,-211,duck
1.0723,143,35,-207,duck
1.1299,148,35,-207,duck
1.1875,148,36,-211,duck
1.245,150,33,-200,duck
1.3025,149,36,-206,duck
1.36,147,36,-206,duck
1.4175,144,35,-207,duck
1.4752,139,35,-212,duck
1.5326,140,38,-213,duck
1.5901,129,36,-215,duck
1.6477,120,48,-232,duck
1.7053,104,46,-237,duck
1.7618,61,34,-243,duck
1.8183,16,38,-240,duck
1.876,-10,29,-247,duck
1.9336,-17,44,-242,duck
1.9914,-31,32,-241,duck
2.0488,-38,34,-247,duck
2.1064,-31,33,-252,duck
2.1641,-26,36,-244,duck
2.2216,-30,35,-245,duck
2.2794,-25,38,-246,duck
2.337,-30,38,-247,duck
2.3945,-22,38,-247,duck
2.4524,-24,37,-248,duck
2.5099,-17,39,-246,duck
2.5675,-22,38,-247,duck
2.6253,-19,39,-246,duck
2.6828,-19,40,-250,duck
2.7404,-12,38,-246,duck
2.7981,-17,38,-248,duck
2.8545,-8,42,-247,duck
2.9122,-13,39,-243,duck
2.9689,-8,41,-249,duck
0.6585,-15,54,-252,duck
0.7163,-18,48,-243,duck
0.7742,-19,49,-246,duck
0.8299,7,51,-246,duck
0.8869,39,48,-243,duck
0.9436,55,44,-242,duck
1.0003,72,39,-238,duck
1.0569,75,37,-237,duck
1.1135,84,33,-238,duck
1.1698,93,27,-235,duck
1.2273,106,27,-227,duck
1.2848,127,26,-225,duck
1.3421,141,16,-201,duck
1.3991,145,15,-206,duck
1.4568,149,20,-210,duck
1.5139,145,17,-212,duck
1.5712,147,18,-208,duck
1.6284,144,16,-214,duck
1.6859,138,18,-215,duck
1.743,137,21,-217,duck
1.8004,100,23,-236,duck
1.8579,113,26,-239,duck
1.9142,62,26,-244,duck
1.9705,43,29,-241,duck
2.0268,32,26,-255,duck
2.0821,5,29,-251,duck
2.1384,-9,25,-243,duck
2.1959,-19,24,-249,duck
2.2531,-28,24,-247,duck
2.3105,-40,27,-236,duck
2.3679,-41,29,-249,duck
2.4252,-47,29,-242,duck
2.4826,-47,29,-243,duck
2.5398,-45,29,-248,duck
2.5973,-43,29,-245,duck
2.6548,-44,28,-247,duck
2.712,-42,28,-245,duck
2.7693,-42,29,-247,duck
2.827,-39,29,-244,duck
2.8841,-41,28,-252,duck
2.9415,-39,27,-243,duck
2.9988,-40,27,-250,duck
0.0347,0,21,-251,duck
0.09,0,22,-251,duck
0.1463,-1,23,-251,duck
0.2016,2,23,-251,duck
0.2566,4,21,-249,duck
0.3119,8,23,-245,duck
0.3683,36,22,-256,duck
0.4247,34,20,-245,duck
0.4809,36,19,-246,duck
0.5371,59,23,-248,duck
0.5936,80,18,-239,duck
0.6507,107,19,-230,duck
0.7081,128,19,-223,duck
0.7654,128,16,-223,duck
0.8227,134,14,-213,duck
0.8801,143,14,-213,duck
0.9374,150,15,-209,duck
0.995,151,15,-205,duck
1.0523,149,14,-206,duck
1.1096,154,12,-206,duck
1.167,154,13,-205,duck
1.2245,155,15,-207,duck
1.2818,145,11,-211,duck
1.3392,136,10,-213,duck
1.3967,130,16,-222,duck
1.4539,121,18,-238,duck
1.5112,127,18,-218,duck
1.5677,59,24,-229,duck
1.624,49,32,-261,duck
1.6802,33,22,-255,duck
1.7357,9,23,-237,duck
1.7919,12,20,-246,duck
1.8494,-10,27,-251,duck
1.9068,-22,23,-246,duck
1.9642,-40,17,-247,duck
2.0217,-40,23,-238,duck
2.079,-50,29,-245,duck
2.1365,-60,24,-244,duck
2.1937,-53,27,-245,duck
2.2512,-52,27,-246,duck
2.3087,-42,28,-248,duck
2.3661,-38,27,-247,duck
2.4235,-39,27,-248,duck
2.4809,-38,30,-246,duck
2.5382,-34,31,-245,duck
2.5956,-39,30,-247,duck
2.6531,-36,27,-247,duck
2.7105,-36,26,-242,duck
2.768,-36,30,-251,duck
2.8257,-36,30,-249,duck
2.8829,-29,28,-243,duck
2.9403,-34,28,-245,duck
2.9977,-33,28,-250,duck
0.0677,6,25,-251,duck
0.1231,9,26,-251,duck
0.1784,6,25,-250,duck
0.2337,5,25,-253,duck
0.289,6,26,-248,duck
0.3444,0,24,-247,duck
0.4008,19,21,-242,duck
0.4572,68,31,-249,duck
0.5137,93,32,-238,duck
0.571,110,32,-224,duck
0.6285,110,33,-233,duck
0.6859,111,31,-234,duck
0.7433,120,22,-217,duck
0.8009,128,27,-216,duck
0.8582,136,26,-217,duck
0.9159,150,22,-204,duck
0.9731,151,19,-207,duck
1.0305,146,17,-209,duck
1.0879,156,21,-204,duck
1.1452,159,18,-201,duck
1.2026,150,15,-205,duck
1.26,157,17,-202,duck
1.3174,160,18,-200,duck
1.3748,156,20,-204,duck
1.4321,125,18,-225,duck
1.4896,124,19,-221,duck
1.5469,110,21,-220,duck
1.6044,116,27,-244,duck
1.6607,74,28,-241,duck
1.7172,45,32,-246,duck
1.7736,26,27,-253,duck
1.8299,-2,21,-247,duck
1.8874,-25,21,-250,duck
1.9449,-17,20,-241,duck
2.0023,-25,18,-246,duck
2.0599,-27,16,-238,duck
2.1161,-39,3,-236,duck
2.1735,-40,34,-261,duck
2.2309,-43,39,-257,duck
2.2884,-45,27,-236,duck
2.3459,-46,22,-247,duck
2.4032,-36,25,-249,duck
2.4607,-30,22,-242,duck
2.518,-32,25,-251,duck
2.5756,-38,22,-249,duck
2.633,-30,27,-246,duck
2.6904,-36,27,-248,duck
2.7479,-32,24,-248,duck
2.8052,-27,26,-249,duck
2.8628,-29,26,-246,duck
2.9201,-27,25,-250,duck
2.9775,-30,26,-251,duck
0.0206,1,26,-250,duck
0.0771,-1,25,-250,duck
0.1323,0,26,-254,duck
0.1887,-1,25,-248,duck
0.2453,-1,26,-252,duck
0.3003,0,27,-249,duck
0.3566,-9,25,-246,duck
0.412,9,26,-242,duck
0.4683,40,26,-241,duck
0.5245,73,40,-251,duck
0.581,94,36,-243,duck
0.6382,105,35,-237,duck
0.6957,110,31,-222,duck
0.7533,120,25,-226,duck
0.8106,142,30,-211,duck
0.8682,143,28,-202,duck
0.9254,145,27,-215,duck
0.9828,150,26,-206,duck
1.0403,154,24,-202,duck
1.0975,157,21,-200,duck
1.1549,156,22,-199,duck
1.2123,159,24,-198,duck
1.2696,162,24,-199,duck
1.3273,162,23,-198,duck
1.3844,162,23,-196,duck
1.4418,162,23,-200,duck
1.4993,161,23,-198,duck
1.5566,162,22,-199,duck
1.6141,159,23,-200,duck
1.6714,154,24,-206,duck
1.7288,152,24,-210,duck
1.7863,142,25,-218,duck
1.8436,128,26,-219,duck
1.9012,111,24,-223,duck
1.9573,94,35,-227,duck
2.0136,87,26,-239,duck
2.0702,54,29,-239,duck
2.1264,38,30,-240,duck
2.1828,12,36,-252,duck
2.2392,-6,36,-253,duck
2.2968,-28,28,-249,duck
2.3543,-33,29,-252,duck
2.4116,-38,23,-240,duck
2.468,-54,9,-230,duck
2.5252,-45,29,-245,duck
2.5828,-36,39,-258,duck
2.6401,-38,36,-248,duck
2.6975,-48,28,-244,duck
2.7552,-42,28,-249,duck
2.8125,-31,30,-246,duck
2.8699,-29,30,-249,duck
2.9274,-30,29,-245,duck
2.9848,-33,28,-246,duck
0.0191,2,59,-251,duck
0.0749,0,58,-243,duck
0.1317,-1,58,-248,duck
0.187,0,60,-247,duck
0.2426,0,57,-246,duck
0.2983,0,57,-247,duck
0.3539,0,59,-245,duck
0.4097,1,58,-243,duck
0.466,17,61,-248,duck
0.5219,7,60,-249,duck
0.5784,22,54,-237,duck
0.6351,32,52,-245,duck
0.6916,37,53,-247,duck
0.7482,69,57,-244,duck
0.805,84,52,-235,duck
0.8618,81,52,-231,duck
0.9183,81,44,-235,duck
0.9748,96,43,-230,duck
1.0327,116,36,-220,duck
1.09,128,41,-228,duck
1.1478,129,36,-213,duck
1.2052,132,35,-219,duck
1.2628,132,34,-222,duck
1.3201,133,29,-209,duck
1.3778,139,31,-215,duck
1.4351,140,33,-211,duck
1.4928,144,35,-205,duck
1.5492,89,37,-245,duck
1.6058,71,46,-249,duck
1.6622,52,42,-243,duck
1.7187,-5,33,-248,duck
1.7751,-3,49,-248,duck
1.8329,-63,30,-240,duck
1.8904,-68,30,-232,duck
1.9479,-60,33,-240,duck
2.0057,-65,32,-245,duck
2.0632,-61,33,-242,duck
2.1208,-56,29,-240,duck
2.1784,-64,32,-239,duck
2.236,-54,35,-246,duck
2.2936,-56,33,-242,duck
2.3512,-54,35,-243,duck
2.4086,-45,36,-241,duck
2.4663,-48,34,-243,duck
2.5239,-49,36,-241,duck
2.5814,-47,37,-246,duck
2.639,-49,35,-244,duck
2.6967,-46,37,-240,duck
2.7544,-47,38,-245,duck
2.812,-45,40,-251,duck
2.8698,-44,38,-241,duck
2.9273,-43,39,-247,duck
2.9849,-44,41,-246,duck
0.0614,2,86,-241,idle
0.1166,0,85,-241,idle
0.1729,-1,84,-240,idle
0.2281,2,84,-237,idle
0.2835,3,87,-242,idle
0.3387,0,85,-236,idle
0.3939,1,87,-239,idle
0.4491,2,85,-238,idle
0.5044,1,87,-240,idle
0.5597,1,85,-239,idle
0.6148,0,83,-236,idle
0.6701,3,88,-241,idle
0.7253,1,84,-238,idle
0.7807,1,86,-240,idle
0.8359,2,84,-238,idle
0.8912,2,86,-237,idle
0.9466,1,86,-238,idle
1.0016,3,86,-240,idle
1.0568,1,85,-235,idle
1.1124,5,88,-239,idle
1.1674,0,84,-237,idle
1.2226,4,86,-239,idle
1.2779,2,88,-238,idle
1.3334,1,87,-237,idle
1.3886,1,85,-239,idle
1.4437,0,87,-239,idle
1.4989,3,84,-237,idle
1.5544,3,86,-239,idle
1.6096,1,85,-237,idle
1.6648,3,89,-242,idle
1.7201,2,88,-236,idle
1.7755,1,89,-239,idle
1.8306,0,84,-236,idle
1.8869,-2,85,-236,idle
1.9421,3,87,-240,idle
1.9974,0,87,-237,idle
2.0526,2,88,-239,idle
2.1078,2,88,-237,idle
2.1631,5,89,-244,idle
2.2184,3,82,-225,idle
2.2736,4,87,-239,idle
2.3288,3,88,-241,idle
2.3842,5,86,-235,idle
2.4396,2,86,-238,idle
2.4947,2,87,-235,idle
2.55,5,88,-238,idle
2.6054,4,87,-240,idle
2.6605,3,87,-238,idle
2.7157,3,88,-237,idle
2.7709,2,87,-239,idle
2.8265,5,90,-239,idle
2.8815,5,88,-235,idle
2.9368,3,88,-239,idle
2.9921,2,87,-239,idle
0.0519,-26,25,-245,idle
0.1098,-22,25,-250,idle
0.1672,-22,30,-246,idle
0.2249,-10,30,-247,idle
0.2824,-56,23,-249,idle
0.34,-35,25,-250,idle
0.3978,-26,27,-244,idle
0.4553,-13,27,-249,idle
0.5128,-25,25,-246,idle
0.5705,-29,27,-250,idle
0.6315,-23,27,-249,idle
0.6856,-22,28,-252,idle
0.7432,-20,27,-246,idle
0.8008,-25,27,-250,idle
0.8586,-23,28,-245,idle
0.9161,-20,29,-255,idle
0.9738,-18,25,-244,idle
1.0314,-22,28,-249,idle
1.089,-20,28,-249,idle
1.1468,-19,27,-249,idle
1.2042,-18,29,-246,idle
1.2618,-18,28,-250,idle
1.3195,-21,26,-246,idle
1.3771,-17,27,-245,idle
1.4349,-18,29,-250,idle
1.4922,-17,28,-248,idle
1.5499,-19,28,-248,idle
1.6076,-20,26,-248,idle
1.6651,-16,26,-245,idle
1.7227,-19,29,-248,idle
1.7805,-16,28,-250,idle
1.8381,-18,29,-247,idle
1.8958,-18,28,-249,idle
1.9533,-15,29,-248,idle
2.011,-19,27,-249,idle
2.0688,-17,28,-249,idle
2.1262,-19,28,-249,idle
2.184,-15,28,-249,idle
2.2417,-18,26,-250,idle
2.2992,-17,30,-252,idle
2.3569,-18,27,-244,idle
2.4145,-17,30,-251,idle
2.472,-14,26,-245,idle
2.5299,-15,29,-252,idle
2.5875,-16,25,-245,idle
2.6451,-13,28,-250,idle
2.7027,-16,27,-247,idle
2.7604,-16,28,-252,idle
2.8181,-15,27,-246,idle
2.8759,-16,28,-252,idle
2.9334,-15,28,-246,idle
2.9909,-15,28,-249,idle
0.0614,-10,41,-248,idle
0.1181,-8,42,-248,idle
0.1748,-8,38,-251,idle
0.2314,-8,42,-248,idle
0.2892,-10,39,-247,idle
0.3459,-9,38,-248,idle
0.4025,-8,41,-245,idle
0.4601,-11,41,-247,idle
0.5179,-12,42,-250,idle
0.5745,-8,40,-246,idle
0.6311,-9,43,-250,idle
0.6881,-7,40,-246,idle
0.7446,-9,42,-247,idle
0.8012,-7,43,-248,idle
0.8581,-7,41,-250,idle
0.9145,-8,40,-246,idle
0.9712,-8,41,-248,idle
1.028,-8,43,-249,idle
1.0846,-5,42,-250,idle
1.1412,-9,41,-246,idle
1.1982,-9,42,-253,idle
1.2547,-6,42,-248,idle
1.3114,-9,39,-245,idle
1.3681,-7,43,-246,idle
1.4251,-8,42,-246,idle
1.4817,-5,43,-249,idle
1.5385,-7,43,-242,idle
1.5953,-6,39,-249,idle
1.6522,-3,43,-251,idle
1.7078,0,42,-247,idle
1.7645,-4,41,-249,idle
1.8213,-3,40,-246,idle
1.8793,-11,41,-251,idle
1.9362,-5,41,-248,idle
1.9929,-8,44,-247,idle
2.0496,-3,39,-245,idle
2.1065,-3,40,-251,idle
2.1632,-1,42,-245,idle
2.2202,-4,40,-248,idle
2.2771,-8,40,-247,idle
2.3337,-1,40,-248,idle
2.3906,-5,40,-249,idle
2.4473,-2,42,-246,idle
2.5042,-6,44,-246,idle
2.561,-3,43,-251,idle
2.6178,-2,40,-245,idle
2.6746,-2,43,-252,idle
2.7313,-5,40,-247,idle
2.7881,-3,40,-246,idle
2.8442,1,43,-253,idle
2.901,-5,38,-248,idle
2.9577,-1,42,-250,idle
3.0146,-1,42,-252,idle
0.0632,14,24,-248,idle
0.12,14,23,-252,idle
0.1766,14,21,-250,idle
0.2333,14,25,-252,idle
0.29,10,21,-252,idle
0.3469,15,23,-252,idle
0.4035,13,24,-251,idle
0.4603,11,23,-251,idle
0.517,14,21,-249,idle
0.5738,14,22,-252,idle
0.6305,10,23,-251,idle
0.6874,13,22,-249,idle
0.7442,14,24,-252,idle
0.8009,12,23,-251,idle
0.8577,12,22,-251,idle
0.9145,13,24,-251,idle
0.9712,13,21,-247,idle
1.0281,13,24,-255,idle
1.0848,15,24,-250,idle
1.1414,15,22,-252,idle
1.1982,14,22,-254,idle
1.2552,13,23,-249,idle
1.3119,13,21,-250,idle
1.3686,17,24,-249,idle
1.4252,14,24,-249,idle
1.4821,14,21,-249,idle
1.5391,15,24,-250,idle
1.5956,15,22,-248,idle
1.6525,15,23,-253,idle
1.7092,13,21,-247,idle
1.7661,13,22,-255,idle
1.8227,14,24,-251,idle
1.8795,15,23,-250,idle
1.9363,15,21,-250,idle
1.9931,14,21,-251,idle
2.05,15,23,-248,idle
2.1066,12,26,-252,idle
2.1635,15,23,-251,idle
2.2203,15,22,-253,idle
2.2771,14,22,-250,idle
2.3339,15,24,-252,idle
2.3906,13,23,-247,idle
2.4472,13,25,-252,idle
2.5041,15,24,-251,idle
2.5609,15,24,-251,idle
2.6178,16,23,-247,idle
2.6745,14,23,-253,idle
2.7313,16,25,-250,idle
2.7881,13,23,-250,idle
2.8451,17,25,-252,idle
2.9017,14,24,-252,idle
2.9584,15,22,-252,idle
0.027,1,102,-230,idle
0.0827,0,97,-237,idle
0.1384,0,98,-238,idle
0.194,1,96,-236,idle
0.2496,0,97,-235,idle
0.3064,1,105,-240,idle
0.3619,0,97,-236,idle
0.4177,1,96,-234,idle
0.4734,0,96,-236,idle
0.529,1,95,-235,idle
0.5847,2,95,-232,idle
0.6402,0,93,-240,idle
0.696,0,93,-237,idle
0.7517,0,95,-235,idle
0.8094,255,90,-238,idle
0.8651,0,94,-237,idle
0.9206,1,86,-234,idle
0.9762,1,87,-240,idle
1.032,0,90,-241,idle
1.0886,-1,88,-240,idle
1.1455,-9,78,-236,idle
1.2021,-3,83,-242,idle
1.2577,0,81,-240,idle
1.3146,-2,79,-238,idle
1.3712,-1,80,-239,idle
1.4266,0,80,-240,idle
1.4836,-2,79,-239,idle
1.5392,0,80,-243,idle
1.5958,-1,81,-239,idle
1.6527,-5,86,-252,idle
1.7081,0,82,-239,idle
1.7638,1,82,-239,idle
1.8207,-7,83,-241,idle
1.876,1,81,-240,idle
1.9318,0,82,-244,idle
1.9886,-1,80,-238,idle
2.0441,0,81,-241,idle
2.0998,0,82,-242,idle
2.1555,0,81,-240,idle
2.211,0,80,-240,idle
2.2677,-1,80,-239,idle
2.3237,1,82,-241,idle
2.3791,0,81,-238,idle
2.4358,-2,81,-241,idle
2.4915,0,80,-241,idle
2.5471,0,84,-239,idle
2.6028,1,80,-240,idle
2.6587,0,82,-239,idle
2.7141,2,81,-240,idle
2.7697,0,80,-241,idle
2.8253,1,81,-240,idle
2.881,1,81,-239,idle
2.9367,0,80,-241,idle
2.9924,1,81,-240,idle
0.0688,0,55,-248,idle
0.1243,0,54,-244,idle
0.1798,0,55,-248,idle
0.2355,1,54,-247,idle
0.2908,0,51,-246,idle
0.3464,0,55,-249,idle
0.402,1,55,-247,idle
0.4574,1,55,-247,idle
0.5131,1,55,-247,idle
0.5686,0,54,-247,idle
0.624,1,54,-247,idle
0.6797,1,52,-249,idle
0.7353,1,54,-245,idle
0.7907,0,54,-248,idle
0.8465,2,55,-248,idle
0.9019,0,53,-246,idle
0.9574,2,55,-249,idle
1.013,0,53,-246,idle
1.0686,1,53,-247,idle
1.124,1,54,-247,idle
1.1796,0,55,-248,idle
1.2353,1,54,-248,idle
1.2906,0,54,-246,idle
1.3462,1,54,-248,idle
1.4018,2,54,-246,idle
1.4574,2,54,-248,idle
1.5129,1,55,-247,idle
1.5686,1,55,-248,idle
1.624,2,54,-248,idle
1.6796,2,54,-245,idle
1.7351,1,53,-247,idle
1.7907,2,54,-249,idle
1.8462,2,52,-246,idle
1.9017,3,53,-247,idle
1.9574,1,53,-248,idle
2.0127,4,55,-248,idle
2.0683,2,53,-246,idle
2.1239,1,53,-247,idle
2.1796,2,54,-245,idle
2.2349,2,52,-248,idle
2.2906,4,53,-248,idle
2.3461,4,53,-248,idle
2.4016,2,53,-247,idle
2.4572,3,54,-249,idle
2.5127,1,54,-247,idle
2.5685,5,54,-248,idle
2.6238,1,53,-248,idle
2.6796,5,53,-248,idle
2.7349,1,55,-247,idle
2.7906,2,54,-249,idle
2.8459,3,53,-247,idle
2.9015,3,54,-247,idle
2.9571,2,52,-247,idle
0.0256,-8,60,-245,idle
0.0833,-10,61,-247,idle
0.141,-11,62,-244,idle
0.1986,-10,60,-242,idle
0.2551,-5,62,-247,idle
0.312,-7,59,-244,idle
0.3684,-7,63,-248,idle
0.425,-9,62,-244,idle
0.4827,-11,60,-244,idle
0.5392,-9,61,-245,idle
0.5961,-7,60,-243,idle
0.6525,-8,61,-245,idle
0.709,-7,62,-245,idle
0.7657,-8,62,-245,idle
0.8223,-7,60,-245,idle
0.8791,-6,61,-246,idle
0.9353,-6,60,-242,idle
0.993,-10,62,-247,idle
1.0496,-6,61,-244,idle
1.1062,-7,61,-246,idle
1.1631,-6,61,-245,idle
1.2195,-7,61,-245,idle
1.276,-6,61,-245,idle
1.3327,-7,61,-243,idle
1.3894,-3,62,-246,idle
1.446,-7,62,-245,idle
1.5025,-4,62,-246,idle
1.5591,-5,60,-244,idle
1.6157,-8,62,-248,idle
1.6724,-6,59,-244,idle
1.7289,-6,61,-247,idle
1.7854,-7,61,-243,idle
1.8421,-8,62,-244,idle
1.8988,-4,60,-245,idle
1.9555,-4,63,-247,idle
2.0119,-9,62,-242,idle
2.0685,-5,62,-245,idle
2.1251,-2,61,-246,idle
2.1819,-4,61,-244,idle
2.2384,-5,62,-248,idle
2.2951,-4,60,-246,idle
2.3518,-5,63,-245,idle
2.4084,-6,61,-245,idle
2.4651,-6,61,-247,idle
2.5218,-6,62,-246,idle
2.5785,-5,62,-242,idle
2.635,-4,62,-245,idle
2.6917,-6,61,-246,idle
2.7485,-6,61,-244,idle
2.8049,-3,61,-245,idle
2.8617,-5,61,-244,idle
2.9184,-5,62,-246,idle
2.9752,-4,62,-244,idle
0.0815,-14,28,-249,idle
0.1388,-16,27,-248,idle
0.1964,-16,28,-249,idle
0.2539,-14,27,-248,idle
0.3115,-14,28,-248,idle
0.369,-16,28,-248,idle
0.4265,-15,28,-250,idle
0.4841,-17,27,-248,idle
0.5416,-15,26,-250,idle
0.5992,-14,27,-251,idle
0.6568,-18,29,-250,idle
0.7143,-16,28,-247,idle
0.7719,-15,26,-250,idle
0.8295,-13,26,-247,idle
0.887,-14,28,-250,idle
0.9444,-16,25,-249,idle
1.0021,-13,28,-251,idle
1.0597,-17,26,-248,idle
1.1172,-12,28,-249,idle
1.1748,-17,27,-249,idle
1.2323,-14,27,-250,idle
1.29,-15,28,-251,idle
1.3476,-14,26,-249,idle
1.4054,-17,27,-247,idle
1.4628,-14,27,-250,idle
1.5204,-14,29,-249,idle
1.5784,-15,26,-246,idle
1.6358,-14,29,-248,idle
1.6934,-15,27,-249,idle
1.7511,-14,29,-250,idle
1.8088,-12,29,-249,idle
1.8665,-14,26,-247,idle
1.924,-14,27,-250,idle
1.9817,-14,27,-250,idle
2.0395,-14,26,-250,idle
2.0971,-13,29,-250,idle
2.1547,-14,27,-249,idle
2.2125,-13,27,-249,idle
2.2701,-14,28,-250,idle
2.3277,-13,28,-250,idle
2.3855,-12,27,-248,idle
2.443,-13,28,-250,idle
2.5007,-10,28,-250,idle
2.5584,-12,29,-251,idle
2.616,-14,27,-248,idle
2.6737,-11,28,-252,idle
2.7314,-12,28,-247,idle
2.789,-10,28,-251,idle
2.8467,-12,29,-249,idle
2.9044,-11,28,-249,idle
2.962,-10,28,-251,idle
0.0311,-11,50,-247,idle
0.0889,-12,49,-248,idle
0.1465,-10,47,-245,idle
0.2032,-9,48,-249,idle
0.2597,-7,49,-247,idle
0.3175,-10,48,-247,idle
0.3751,-10,48,-247,idle
0.4329,-11,49,-250,idle
0.4894,-8,47,-247,idle
0.547,-10,49,-246,idle
0.6036,-8,48,-247,idle
0.6612,-11,50,-248,idle
0.719,-10,50,-247,idle
0.7768,-10,47,-249,idle
0.8333,-8,48,-245,idle
0.8909,-11,48,-248,idle
0.9488,-10,47,-247,idle
1.0061,-11,48,-249,idle
1.0638,-10,48,-245,idle
1.1214,-10,50,-249,idle
1.1781,-9,48,-247,idle
1.2357,-10,49,-244,idle
1.2923,-9,48,-248,idle
1.35,-10,48,-249,idle
1.4079,-10,48,-246,idle
1.4654,-11,49,-247,idle
1.5219,-8,50,-248,idle
1.5799,-12,46,-247,idle
1.6363,-8,48,-245,idle
1.6939,-10,48,-246,idle
1.7505,-8,47,-246,idle
1.8072,-8,49,-246,idle
1.8639,-9,48,-247,idle
1.9204,-8,48,-246,idle
1.977,-9,49,-250,idle
2.0346,-10,49,-247,idle
2.0922,-10,48,-247,idle
2.1489,-9,48,-248,idle
2.2055,-8,47,-246,idle
2.262,-8,47,-245,idle
2.3199,-10,48,-250,idle
2.3763,-9,49,-246,idle
2.433,-9,49,-247,idle
2.4895,-9,48,-247,idle
2.5461,-8,48,-249,idle
2.6028,-8,48,-245,idle
2.6593,-9,46,-249,idle
2.7159,-6,49,-246,idle
2.7737,-11,50,-249,idle
2.8301,-9,47,-245,idle
2.8869,-9,49,-249,idle
2.9433,-9,48,-246,idle
3,-8,48,-250,idle
0.021,-22,0,-252,idle
0.0772,-23,1,-248,idle
0.1334,-22,1,-253,idle
0.1897,-25,1,-248,idle
0.2459,-20,2,-249,idle
0.3022,-22,2,-252,idle
0.3586,-20,1,-244,idle
0.4148,-24,1,-251,idle
0.4711,-19,1,-248,idle
0.5274,-21,2,-249,idle
0.5837,-20,2,-251,idle
0.6401,-22,3,-250,idle
0.6961,-17,2,-250,idle
0.7525,-18,2,-250,idle
0.8088,-19,2,-249,idle
0.865,-17,3,-251,idle
0.9212,-19,2,-250,idle
0.9775,-17,3,-249,idle
1.0341,-17,3,-249,idle
1.0903,-18,2,-250,idle
1.1465,-18,3,-247,idle
1.203,-17,4,-250,idle
1.2591,-17,2,-248,idle
1.3154,-15,3,-250,idle
1.3716,-18,3,-248,idle
1.428,-16,4,-249,idle
1.4843,-20,4,-251,idle
1.5405,-18,3,-250,idle
1.5969,-19,3,-248,idle
1.6531,-17,2,-252,idle
1.7094,-17,3,-249,idle
1.7657,-17,3,-251,idle
1.8221,-17,2,-247,idle
1.8782,-18,3,-251,idle
1.9346,-16,2,-249,idle
1.9911,-18,3,-250,idle
2.0472,-17,3,-250,idle
2.1035,-17,3,-248,idle
2.1596,-17,3,-252,idle
2.2161,-17,3,-249,idle
2.2723,-17,4,-248,idle
2.3286,-16,5,-253,idle
2.3851,-17,2,-248,idle
2.4412,-16,3,-251,idle
2.4975,-18,1,-250,idle
2.5538,-17,6,-249,idle
2.6101,-17,3,-249,idle
2.6664,-16,4,-251,idle
2.7226,-17,3,-249,idle
2.7789,-16,4,-250,idle
2.8352,-15,2,-250,idle
2.8914,-18,4,-251,idle
2.9478,-15,5,-250,idle
3.0041,-18,3,-249,idle
0.0506,-46,59,-240,idle
0.108,-44,57,-244,idle
0.165,-41,57,-244,idle
0.2224,-41,58,-245,idle
0.2797,-42,58,-242,idle
0.3371,-41,58,-241,idle
0.3942,-42,59,-243,idle
0.4514,-39,61,-244,idle
0.5087,-40,60,-243,idle
0.5661,-40,61,-239,idle
0.6232,-41,61,-240,idle
0.6805,-38,62,-238,idle
0.738,-38,60,-238,idle
0.795,-40,59,-242,idle
0.8522,-39,59,-241,idle
0.9094,-36,58,-246,idle
0.9668,-36,57,-242,idle
1.0239,-36,57,-244,idle
1.0812,-35,59,-246,idle
1.1385,-36,57,-242,idle
1.1961,-38,59,-244,idle
1.2531,-36,58,-242,idle
1.3104,-38,61,-242,idle
1.3677,-35,59,-241,idle
1.4248,-39,58,-239,idle
1.4822,-41,56,-238,idle
1.5395,-34,57,-238,idle
1.5967,-35,61,-242,idle
1.6539,-31,59,-243,idle
1.7111,-35,58,-243,idle
1.7685,-36,57,-240,idle
1.8259,-34,58,-247,idle
1.883,-35,59,-243,idle
1.9403,-33,60,-244,idle
1.9976,-35,59,-240,idle
2.0548,-35,60,-243,idle
2.1121,-34,58,-238,idle
2.1693,-36,59,-240,idle
2.2265,-31,59,-244,idle
2.2839,-37,59,-234,idle
2.3412,-28,58,-234,idle
2.3985,-33,62,-251,idle
2.4557,-24,57,-249,idle
2.513,-25,56,-250,idle
2.5704,-22,57,-247,idle
2.6275,-23,58,-244,idle
2.6851,-22,58,-241,idle
2.7422,-23,59,-241,idle
2.7995,-27,60,-246,idle
2.857,-26,56,-245,idle
2.9142,-26,55,-242,idle
2.9715,-24,58,-246,idle
0.0206,41,41,-247,idle
0.078,-40,44,-243,idle
0.1354,-42,46,-241,idle
0.1925,-42,45,-243,idle
0.2498,-41,48,-244,idle
0.307,-38,44,-242,idle
0.3645,-37,43,-246,idle
0.4216,-37,47,-248,idle
0.4788,-38,42,-242,idle
0.5361,-41,45,-245,idle
0.5933,-35,44,-248,idle
0.6505,-35,45,-248,idle
0.7078,-35,43,-245,idle
0.765,-33,44,-248,idle
0.8222,-35,45,-245,idle
0.8796,-35,44,-244,idle
0.9368,-36,44,-243,idle
0.9941,-38,46,-243,idle
1.0515,-34,46,-244,idle
1.1086,-35,46,-247,idle
1.166,-32,43,-243,idle
1.2235,-35,44,-245,idle
1.2805,-32,45,-245,idle
1.3378,-35,43,-244,idle
1.3951,-32,43,-244,idle
1.4524,-34,47,-245,idle
1.5096,-31,45,-245,idle
1.5668,-37,45,-245,idle
1.6241,-33,46,-243,idle
1.6815,-34,46,-246,idle
1.7386,-29,46,-247,idle
1.7959,-33,46,-243,idle
1.8534,-28,49,-246,idle
1.9105,-30,45,-244,idle
1.9677,-28,44,-245,idle
2.0249,-27,46,-245,idle
2.0822,-28,47,-246,idle
2.1395,-27,45,-246,idle
2.1966,-26,46,-245,idle
2.254,-29,47,-244,idle
2.3115,-28,46,-247,idle
2.3685,-26,48,-251,idle
2.4257,-24,44,-246,idle
2.4831,-28,47,-250,idle
2.5405,-23,48,-245,idle
2.5976,-30,44,-244,idle
2.6549,-27,45,-245,idle
2.7122,-25,46,-248,idle
2.7695,-24,44,-245,idle
2.8266,-25,48,-248,idle
2.8839,-25,44,-247,idle
2.9412,-25,46,-248,idle
2.9986,-20,48,-251,idle
0.0422,-25,42,-243,idle
0.0995,-23,46,-247,idle
0.157,-24,43,-247,idle
0.2141,-25,45,-246,idle
0.2714,-27,45,-244,idle
0.3285,-27,46,-246,idle
0.3858,-28,46,-246,idle
0.443,-25,44,-245,idle
0.5003,-23,46,-247,idle
0.5577,-25,47,-247,idle
0.6148,-26,45,-244,idle
0.6721,-24,48,-246,idle
0.7295,-25,46,-246,idle
0.7869,-25,46,-244,idle
0.8439,-26,44,-245,idle
0.9013,-24,47,-243,idle
0.9585,-21,50,-248,idle
1.016,-22,45,-246,idle
1.073,-21,46,-246,idle
1.1303,-21,45,-242,idle
1.1875,-22,46,-250,idle
1.245,-24,46,-246,idle
1.302,-22,47,-249,idle
1.3594,-25,45,-244,idle
1.4166,-23,46,-245,idle
1.4738,-22,46,-246,idle
1.5311,-22,44,-244,idle
1.5884,-23,46,-247,idle
1.6457,-23,48,-246,idle
1.703,-23,47,-243,idle
1.7602,-22,47,-245,idle
1.8175,-23,45,-245,idle
1.8749,-20,47,-247,idle
1.932,-23,47,-246,idle
1.9892,-20,47,-247,idle
2.0466,-23,46,-250,idle
2.104,-18,45,-245,idle
2.1611,-16,47,-246,idle
2.2183,-16,47,-248,idle
2.2755,-18,47,-245,idle
2.333,-21,47,-244,idle
2.39,-21,48,-245,idle
2.4474,-20,48,-248,idle
2.5047,-14,47,-248,idle
2.5618,-18,47,-248,idle
2.6191,-19,48,-247,idle
2.6763,-17,47,-242,idle
2.7337,-18,48,-244,idle
2.791,-19,46,-246,idle
2.8482,-19,47,-247,idle
2.9055,-17,47,-247,idle
2.963,-20,50,-247,idle
0.0305,-7,34,-247,idle
0.0867,-5,33,-250,idle
0.1443,-10,31,-247,idle
0.2006,-8,33,-250,idle
0.2571,-7,34,-249,idle
0.3146,-10,32,-248,idle
0.371,-9,33,-249,idle
0.4284,-10,32,-247,idle
0.4849,-4,32,-250,idle
0.5415,-8,33,-247,idle
0.5977,-8,34,-250,idle
0.6542,-8,34,-245,idle
0.7106,-9,35,-249,idle
0.767,-7,33,-247,idle
0.8235,-4,34,-248,idle
0.8797,-6,33,-247,idle
0.9363,-4,34,-249,idle
0.9925,-4,33,-248,idle
1.049,-6,34,-249,idle
1.1055,-9,34,-248,idle
1.162,-7,33,-249,idle
1.2185,-8,32,-249,idle
1.2748,-5,33,-251,idle
1.3325,-10,33,-248,idle
1.3887,-9,33,-248,idle
1.4451,-4,34,-249,idle
1.5015,-6,34,-250,idle
1.5579,-5,35,-248,idle
1.6154,-11,32,-250,idle
1.6719,-7,33,-249,idle
1.7284,-4,35,-248,idle
1.7846,-6,34,-248,idle
1.8411,-6,35,-250,idle
1.8975,-4,33,-248,idle
1.954,-3,35,-248,idle
2.0105,-6,34,-249,idle
2.0667,-2,35,-250,idle
2.1234,-2,36,-245,idle
2.1796,-4,34,-251,idle
2.2361,-4,34,-249,idle
2.2924,-4,36,-248,idle
2.3488,-2,34,-247,idle
2.4053,-5,36,-250,idle
2.4618,-5,38,-249,idle
2.5184,-4,36,-249,idle
2.5746,-3,36,-250,idle
2.631,-4,36,-247,idle
2.6875,-4,35,-250,idle
2.7439,-4,38,-248,idle
2.8005,-3,37,-247,idle
2.8567,-3,36,-250,idle
2.9133,-5,36,-248,idle
2.9696,-3,36,-249,idle
0.0711,-2,39,-250,idle
0.1278,-2,38,-247,idle
0.1843,-3,40,-249,idle
0.2411,-2,40,-248,idle
0.2977,-1,43,-252,idle
0.3543,-1,42,-247,idle
0.411,-3,40,-249,idle
0.4676,-3,40,-248,idle
0.5241,-2,40,-248,idle
0.5809,-3,40,-249,idle
0.6376,-1,40,-248,idle
0.6942,-3,41,-249,idle
0.7509,-1,41,-249,idle
0.8075,-2,40,-250,idle
0.8641,-2,40,-247,idle
0.9197,0,40,-249,idle
0.9762,-2,41,-250,idle
1.0331,-1,42,-247,idle
1.0896,-1,41,-247,idle
1.1462,-1,40,-249,idle
1.203,-3,41,-247,idle
1.2595,-1,41,-248,idle
1.3162,-2,40,-248,idle
1.3728,-3,41,-248,idle
1.4294,-1,42,-250,idle
1.4861,-1,40,-247,idle
1.5427,-1,41,-251,idle
1.5994,-2,40,-248,idle
1.6561,-2,41,-248,idle
1.7127,-1,41,-249,idle
1.7693,-2,41,-248,idle
1.826,-2,41,-249,idle
1.8824,-2,41,-247,idle
1.9392,-2,41,-249,idle
1.9947,0,41,-249,idle
2.0513,-2,41,-247,idle
2.1079,-3,40,-249,idle
2.1647,-1,41,-251,idle
2.2213,-1,40,-247,idle
2.2781,-2,41,-248,idle
2.3346,-3,42,-249,idle
2.3911,-1,41,-247,idle
2.448,-3,40,-246,idle
2.5045,-4,42,-251,idle
2.5612,-2,39,-247,idle
2.618,-1,39,-247,idle
2.6745,-1,41,-250,idle
2.7311,-6,42,-249,idle
2.788,-2,42,-250,idle
2.8444,-8,43,-250,idle
2.9012,-2,41,-248,idle
2.958,-5,41,-249,idle
0.0591,-10,39,-246,idle
0.1169,-13,38,-247,idle
0.1748,-14,40,-247,idle
0.2327,-12,39,-248,idle
0.2903,-14,40,-248,idle
0.3483,-15,40,-249,idle
0.4061,-12,39,-248,idle
0.4639,-12,40,-250,idle
0.5217,-15,38,-250,idle
0.5797,-12,39,-248,idle
0.6374,-11,37,-248,idle
0.6953,-13,40,-247,idle
0.753,-13,39,-246,idle
0.8109,-10,38,-249,idle
0.8689,-12,40,-248,idle
0.9266,-12,39,-248,idle
0.9843,-12,38,-249,idle
1.0422,-11,38,-248,idle
1.1001,-15,40,-249,idle
1.1579,-14,39,-246,idle
1.2159,-14,40,-247,idle
1.2737,-12,40,-248,idle
1.3314,-14,41,-248,idle
1.3891,-14,40,-248,idle
1.4471,-12,40,-249,idle
1.5049,-14,40,-248,idle
1.5628,-12,40,-249,idle
1.6204,-14,40,-247,idle
1.6781,-15,40,-247,idle
1.7359,-13,40,-250,idle
1.7936,-15,42,-248,idle
1.8513,-15,40,-248,idle
1.9091,-15,41,-248,idle
1.9668,-16,41,-247,idle
2.0247,-14,41,-249,idle
2.0823,-15,40,-248,idle
2.1399,-14,39,-248,idle
2.1976,-15,41,-248,idle
2.2554,-14,41,-248,idle
2.3131,-16,41,-247,idle
2.3709,-15,40,-249,idle
2.4288,-13,40,-248,idle
2.4863,-16,41,-249,idle
2.544,-15,41,-247,idle
2.6018,-16,41,-247,idle
2.6593,-17,40,-248,idle
2.717,-15,41,-247,idle
2.7748,-16,41,-246,idle
2.8323,-17,40,-249,idle
2.8899,-15,40,-249,idle
2.9478,-17,42,-248,idle
3.0053,-14,40,-249,idle
0.0224,-29,35,-245,idle
0.0802,-34,33,-242,idle
0.138,-28,33,-253,idle
0.1957,-31,31,-244,idle
0.2537,-31,32,-245,idle
0.3114,-31,33,-247,idle
0.3691,-31,33,-248,idle
0.4268,-31,35,-248,idle
0.4848,-29,33,-246,idle
0.5424,-33,32,-249,idle
0.6001,-32,34,-245,idle
0.6579,-32,34,-249,idle
0.7156,-32,31,-247,idle
0.7734,-33,32,-248,idle
0.8312,-28,34,-247,idle
0.889,-34,33,-246,idle
0.9467,-30,34,-243,idle
1.0046,-29,32,-247,idle
1.0624,-29,36,-248,idle
1.1202,-31,32,-245,idle
1.1779,-30,33,-248,idle
1.2359,-33,35,-248,idle
1.2938,-32,34,-247,idle
1.3514,-32,33,-250,idle
1.409,-32,33,-246,idle
1.4669,-32,32,-246,idle
1.5249,-31,33,-249,idle
1.5825,-33,32,-241,idle
1.6403,-27,37,-259,idle
1.698,-32,32,-239,idle
1.7559,-33,36,-252,idle
1.8138,-31,33,-244,idle
1.8714,-31,35,-247,idle
1.929,-33,34,-244,idle
1.987,-30,37,-247,idle
2.0448,-34,34,-244,idle
2.1028,-29,36,-250,idle
2.1604,-35,35,-244,idle
2.2181,-30,35,-251,idle
2.2758,-31,35,-244,idle
2.3338,-31,34,-247,idle
2.3915,-33,34,-246,idle
2.4492,-32,35,-248,idle
2.5071,-32,33,-246,idle
2.5649,-31,34,-247,idle
2.6228,-31,34,-249,idle
2.6804,-31,34,-247,idle
2.7382,-31,36,-248,idle
2.796,-33,34,-248,idle
2.8539,-32,34,-245,idle
2.9115,-30,36,-248,idle
2.9692,-37,32,-245,idle
0.0609,-31,33,-246,idle
0.1188,-32,34,-248,idle
0.1766,-31,33,-250,idle
0.2346,-31,32,-246,idle
0.2924,-31,33,-251,idle
0.3501,-31,32,-246,idle
0.4077,-32,36,-247,idle
0.4655,-30,34,-247,idle
0.5234,-31,34,-247,idle
0.5814,-31,33,-246,idle
0.6391,-30,33,-248,idle
0.6969,-31,33,-247,idle
0.7547,-29,34,-245,idle
0.8125,-30,33,-246,idle
0.8705,-29,34,-248,idle
0.9281,-31,36,-246,idle
0.986,-31,34,-246,idle
1.0438,-30,34,-249,idle
1.1015,-30,33,-246,idle
1.1595,-32,36,-248,idle
1.2172,-30,34,-245,idle
1.275,-31,36,-247,idle
1.3328,-32,36,-246,idle
1.3906,-30,34,-246,idle
1.4484,-25,33,-249,idle
1.5063,-30,35,-247,idle
1.564,-30,34,-247,idle
1.6219,-32,34,-247,idle
1.6797,-28,34,-246,idle
1.7375,-29,34,-247,idle
1.7954,-32,37,-249,idle
1.8532,-29,33,-246,idle
1.9109,-30,34,-250,idle
1.9687,-32,36,-246,idle
2.0266,-30,35,-249,idle
2.0845,-28,34,-245,idle
2.1425,-28,32,-247,idle
2.2001,-30,34,-247,idle
2.2579,-30,33,-248,idle
2.3157,-30,34,-247,idle
2.3735,-30,33,-246,idle
2.4315,-30,36,-247,idle
2.4891,-29,34,-247,idle
2.547,-31,34,-249,idle
2.6048,-30,35,-247,idle
2.6625,-28,35,-249,idle
2.7203,-27,36,-247,idle
2.7784,-28,34,-246,idle
2.836,-30,33,-249,idle
2.8939,-28,34,-248,idle
2.9516,-30,34,-247,idle
3.0094,-29,35,-247,idle
0.0315,-24,31,-249,idle
0.0892,-22,30,-250,idle
0.1469,-23,29,-248,idle
0.2047,-23,31,-247,idle
0.2624,-22,32,-249,idle
0.3202,-23,32,-246,idle
0.378,-22,31,-248,idle
0.4357,-21,31,-248,idle
0.4937,-23,32,-247,idle
0.5515,-22,32,-250,idle
0.6093,-22,31,-250,idle
0.6668,-23,32,-251,idle
0.7246,-20,33,-249,idle
0.7824,-24,31,-246,idle
0.8402,-23,30,-250,idle
0.8979,-22,33,-249,idle
0.9557,-23,30,-250,idle
1.0135,-22,31,-248,idle
1.0714,-20,32,-248,idle
1.1291,-24,29,-250,idle
1.1868,-21,33,-246,idle
1.2446,-23,33,-250,idle
1.3025,-21,30,-249,idle
1.3602,-22,31,-248,idle
1.4179,-18,30,-248,idle
1.4756,-22,31,-251,idle
1.5333,-21,33,-250,idle
1.5914,-20,30,-249,idle
1.6491,-21,31,-250,idle
1.7067,-19,31,-248,idle
1.7645,-21,32,-249,idle
1.8224,-18,31,-249,idle
1.88,-23,32,-249,idle
1.9379,-20,32,-248,idle
1.9956,-19,30,-249,idle
2.0535,-19,32,-248,idle
2.1113,-18,31,-249,idle
2.169,-20,32,-248,idle
2.2267,-18,32,-249,idle
2.2845,-19,32,-248,idle
2.3422,-19,30,-251,idle
2.4,-19,31,-247,idle
2.4577,-19,31,-250,idle
2.5156,-14,33,-250,idle
2.5735,-13,33,-248,idle
2.6312,-19,30,-250,idle
2.689,-16,33,-248,idle
2.7467,-17,32,-249,idle
2.8045,-16,34,-250,idle
2.8625,-17,34,-250,idle
2.9201,-19,32,-247,idle
2.9779,-15,33,-250,idle
0.0487,-27,9,-247,idle
0.1049,-28,9,-249,idle
0.1621,-26,10,-248,idle
0.2196,-27,12,-253,idle
0.2767,-25,13,-248,idle
0.3338,-25,10,-247,idle
0.3912,-27,11,-252,idle
0.4486,-25,13,-248,idle
0.5057,-26,11,-249,idle
0.563,-24,12,-249,idle
0.6203,-23,12,-247,idle
0.6777,-27,11,-251,idle
0.7348,-23,12,-249,idle
0.7921,-25,13,-250,idle
0.8493,-24,12,-248,idle
0.9066,-24,13,-248,idle
0.9639,-23,11,-248,idle
1.0211,-22,12,-250,idle
1.0784,-24,11,-253,idle
1.1356,-23,14,-247,idle
1.193,-23,12,-251,idle
1.2501,-23,13,-254,idle
1.3076,-22,12,-245,idle
1.3646,-22,13,-251,idle
1.4219,-22,13,-250,idle
1.4793,-24,13,-249,idle
1.5367,-25,14,-249,idle
1.5938,-22,12,-250,idle
1.651,-23,12,-249,idle
1.7085,-24,13,-249,idle
1.7658,-23,15,-251,idle
1.8228,-22,13,-248,idle
1.8801,-25,14,-252,idle
1.9376,-22,13,-248,idle
1.9946,-25,11,-251,idle
2.0518,-22,15,-248,idle
2.109,-23,14,-249,idle
2.1664,-21,14,-249,idle
2.2236,-23,13,-248,idle
2.281,-23,14,-250,idle
2.3383,-23,14,-249,idle
2.3957,-21,14,-249,idle
2.4528,-21,14,-251,idle
2.5101,-21,14,-250,idle
2.5676,-21,15,-248,idle
2.6247,-21,13,-250,idle
2.6818,-20,14,-248,idle
2.7392,-23,15,-248,idle
2.7966,-22,15,-250,idle
2.8537,-21,14,-249,idle
2.9108,-21,15,-250,idle
2.9682,-20,15,-249,idle
